static const char data_404_html[] = {
/* Page/File content */
0x3c, 0x21, 0x44, 0x4f, 0x43, 0x54, 0x59, 0x50, 0x45, 0x20, 0x48, 0x54, 0x4d, 0x4c, 0x3e, 0x3c, 0x68, 
0x74, 0x6d, 0x6c, 0x3e, 0x3c, 0x68, 0x65, 0x61, 0x64, 0x3e, 0x3c, 0x6d, 0x65, 0x74, 0x61, 0x20, 0x63, 
0x68, 0x61, 0x72, 0x73, 0x65, 0x74, 0x3d, 0x22, 0x75, 0x74, 0x66, 0x2d, 0x38, 0x22, 0x3e, 0x3c, 0x74, 
0x69, 0x74, 0x6c, 0x65, 0x3e, 0x50, 0x61, 0x67, 0x65, 0x20, 0x6e, 0x6f, 0x74, 0x20, 0x66, 0x6f, 0x75, 
0x6e, 0x64, 0x3c, 0x2f, 0x74, 0x69, 0x74, 0x6c, 0x65, 0x3e, 0x3c, 0x6c, 0x69, 0x6e, 0x6b, 0x20, 0x72, 
0x65, 0x6c, 0x3d, 0x22, 0x73, 0x74, 0x79, 0x6c, 0x65, 0x73, 0x68, 0x65, 0x65, 0x74, 0x22, 0x20, 0x68, 
0x72, 0x65, 0x66, 0x3d, 0x22, 0x73, 0x74, 0x79, 0x6c, 0x65, 0x2e, 0x63, 0x73, 0x73, 0x22, 0x3e, 0x3c, 
0x2f, 0x68, 0x65, 0x61, 0x64, 0x3e, 0x3c, 0x62, 0x6f, 0x64, 0x79, 0x3e, 0x3c, 0x68, 0x65, 0x61, 0x64, 
0x65, 0x72, 0x3e, 0x3c, 0x64, 0x69, 0x76, 0x20, 0x63, 0x6c, 0x61, 0x73, 0x73, 0x3d, 0x22, 0x66, 0x69, 
0x6c, 0x6c, 0x22, 0x3e, 0x3c, 0x64, 0x69, 0x76, 0x20, 0x63, 0x6c, 0x61, 0x73, 0x73, 0x3d, 0x22, 0x63, 
0x6f, 0x6e, 0x74, 0x61, 0x69, 0x6e, 0x65, 0x72, 0x22, 0x3e, 0x3c, 0x6f, 0x62, 0x6a, 0x65, 0x63, 0x74, 
0x20, 0x63, 0x6c, 0x61, 0x73, 0x73, 0x3d, 0x22, 0x6c, 0x6f, 0x67, 0x6f, 0x22, 0x20, 0x64, 0x61, 0x74, 
0x61, 0x3d, 0x22, 0x6c, 0x6f, 0x67, 0x6f, 0x2e, 0x73, 0x76, 0x67, 0x22, 0x20, 0x74, 0x79, 0x70, 0x65, 
0x3d, 0x22, 0x69, 0x6d, 0x61, 0x67, 0x65, 0x2f, 0x73, 0x76, 0x67, 0x2b, 0x78, 0x6d, 0x6c, 0x22, 0x3e, 
0x3c, 0x2f, 0x6f, 0x62, 0x6a, 0x65, 0x63, 0x74, 0x3e, 0x3c, 0x2f, 0x64, 0x69, 0x76, 0x3e, 0x3c, 0x2f, 
0x64, 0x69, 0x76, 0x3e, 0x3c, 0x2f, 0x68, 0x65, 0x61, 0x64, 0x65, 0x72, 0x3e, 0x3c, 0x64, 0x69, 0x76, 
0x20, 0x69, 0x64, 0x3d, 0x22, 0x6d, 0x61, 0x69, 0x6e, 0x63, 0x6f, 0x6e, 0x74, 0x65, 0x6e, 0x74, 0x22, 
0x20, 0x63, 0x6c, 0x61, 0x73, 0x73, 0x3d, 0x22, 0x63, 0x6f, 0x6e, 0x74, 0x61, 0x69, 0x6e, 0x65, 0x72, 
0x22, 0x3e, 0x3c, 0x68, 0x31, 0x20, 0x63, 0x6c, 0x61, 0x73, 0x73, 0x3d, 0x22, 0x68, 0x65, 0x61, 0x64, 
0x69, 0x6e, 0x67, 0x22, 0x3e, 0x50, 0x41, 0x47, 0x45, 0x20, 0x4e, 0x4f, 0x54, 0x20, 0x46, 0x4f, 0x55, 
0x4e, 0x44, 0x3c, 0x2f, 0x68, 0x31, 0x3e, 0x3c, 0x64, 0x69, 0x76, 0x20, 0x63, 0x6c, 0x61, 0x73, 0x73, 
0x3d, 0x22, 0x61, 0x6c, 0x65, 0x72, 0x74, 0x2d, 0x6d, 0x65, 0x73, 0x73, 0x61, 0x67, 0x65, 0x20, 0x77, 
0x61, 0x72, 0x6e, 0x69, 0x6e, 0x67, 0x20, 0x65, 0x72, 0x72, 0x6f, 0x72, 0x22, 0x3e, 0x54, 0x68, 0x65, 
0x20, 0x70, 0x61, 0x67, 0x65, 0x20, 0x79, 0x6f, 0x75, 0x20, 0x77, 0x65, 0x72, 0x65, 0x20, 0x6c, 0x6f, 
0x6f, 0x6b, 0x69, 0x6e, 0x67, 0x20, 0x66, 0x6f, 0x72, 0x20, 0x64, 0x6f, 0x65, 0x73, 0x6e, 0x27, 0x74, 
0x20, 0x65, 0x78, 0x69, 0x73, 0x74, 0x21, 0x3c, 0x2f, 0x64, 0x69, 0x76, 0x3e, 0x3c, 0x64, 0x69, 0x76, 
0x20, 0x63, 0x6c, 0x61, 0x73, 0x73, 0x3d, 0x22, 0x66, 0x6f, 0x6f, 0x74, 0x65, 0x72, 0x22, 0x3e, 0x54, 
0x65, 0x6c, 0x74, 0x6f, 0x6e, 0x69, 0x6b, 0x61, 0x20, 0x73, 0x6f, 0x6c, 0x75, 0x74, 0x69, 0x6f, 0x6e, 
0x73, 0x3c, 0x61, 0x20, 0x68, 0x72, 0x65, 0x66, 0x3d, 0x22, 0x68, 0x74, 0x74, 0x70, 0x73, 0x3a, 0x2f, 
0x2f, 0x77, 0x77, 0x77, 0x2e, 0x74, 0x65, 0x6c, 0x74, 0x6f, 0x6e, 0x69, 0x6b, 0x61, 0x2d, 0x6e, 0x65, 
0x74, 0x77, 0x6f, 0x72, 0x6b, 0x73, 0x2e, 0x63, 0x6f, 0x6d, 0x2f, 0x22, 0x3e, 0x77, 0x77, 0x77, 0x2e, 
0x74, 0x65, 0x6c, 0x74, 0x6f, 0x6e, 0x69, 0x6b, 0x61, 0x2d, 0x6e, 0x65, 0x74, 0x77, 0x6f, 0x72, 0x6b, 
0x73, 0x2e, 0x63, 0x6f, 0x6d, 0x3c, 0x2f, 0x61, 0x3e, 0x3c, 0x2f, 0x64, 0x69, 0x76, 0x3e, 0x3c, 0x2f, 
0x64, 0x69, 0x76, 0x3e, 0x3c, 0x2f, 0x62, 0x6f, 0x64, 0x79, 0x3e, 0x3c, 0x2f, 0x68, 0x74, 0x6d, 0x6c, 
0x3e, 0 };

static const char data_fail_html[] = {
/* Page/File content */
0x3c, 0x21, 0x44, 0x4f, 0x43, 0x54, 0x59, 0x50, 0x45, 0x20, 0x48, 0x54, 0x4d, 0x4c, 0x3e, 0x3c, 0x68, 
0x74, 0x6d, 0x6c, 0x3e, 0x3c, 0x68, 0x65, 0x61, 0x64, 0x3e, 0x3c, 0x6d, 0x65, 0x74, 0x61, 0x20, 0x63, 
0x68, 0x61, 0x72, 0x73, 0x65, 0x74, 0x3d, 0x22, 0x75, 0x74, 0x66, 0x2d, 0x38, 0x22, 0x3e, 0x3c, 0x74, 
0x69, 0x74, 0x6c, 0x65, 0x3e, 0x55, 0x70, 0x64, 0x61, 0x74, 0x65, 0x20, 0x66, 0x61, 0x69, 0x6c, 0x65, 
0x64, 0x3c, 0x2f, 0x74, 0x69, 0x74, 0x6c, 0x65, 0x3e, 0x3c, 0x6c, 0x69, 0x6e, 0x6b, 0x20, 0x72, 0x65, 
0x6c, 0x3d, 0x22, 0x73, 0x74, 0x79, 0x6c, 0x65, 0x73, 0x68, 0x65, 0x65, 0x74, 0x22, 0x20, 0x68, 0x72, 
0x65, 0x66, 0x3d, 0x22, 0x73, 0x74, 0x79, 0x6c, 0x65, 0x2e, 0x63, 0x73, 0x73, 0x22, 0x3e, 0x3c, 0x2f, 
0x68, 0x65, 0x61, 0x64, 0x3e, 0x3c, 0x62, 0x6f, 0x64, 0x79, 0x3e, 0x3c, 0x68, 0x65, 0x61, 0x64, 0x65, 
0x72, 0x3e, 0x3c, 0x64, 0x69, 0x76, 0x20, 0x63, 0x6c, 0x61, 0x73, 0x73, 0x3d, 0x22, 0x66, 0x69, 0x6c, 
0x6c, 0x22, 0x3e, 0x3c, 0x64, 0x69, 0x76, 0x20, 0x63, 0x6c, 0x61, 0x73, 0x73, 0x3d, 0x22, 0x63, 0x6f, 
0x6e, 0x74, 0x61, 0x69, 0x6e, 0x65, 0x72, 0x22, 0x3e, 0x3c, 0x6f, 0x62, 0x6a, 0x65, 0x63, 0x74, 0x20, 
0x63, 0x6c, 0x61, 0x73, 0x73, 0x3d, 0x22, 0x6c, 0x6f, 0x67, 0x6f, 0x22, 0x20, 0x64, 0x61, 0x74, 0x61, 
0x3d, 0x22, 0x6c, 0x6f, 0x67, 0x6f, 0x2e, 0x73, 0x76, 0x67, 0x22, 0x20, 0x74, 0x79, 0x70, 0x65, 0x3d, 
0x22, 0x69, 0x6d, 0x61, 0x67, 0x65, 0x2f, 0x73, 0x76, 0x67, 0x2b, 0x78, 0x6d, 0x6c, 0x22, 0x3e, 0x3c, 
0x2f, 0x6f, 0x62, 0x6a, 0x65, 0x63, 0x74, 0x3e, 0x3c, 0x2f, 0x64, 0x69, 0x76, 0x3e, 0x3c, 0x2f, 0x64, 
0x69, 0x76, 0x3e, 0x3c, 0x2f, 0x68, 0x65, 0x61, 0x64, 0x65, 0x72, 0x3e, 0x3c, 0x64, 0x69, 0x76, 0x20, 
0x69, 0x64, 0x3d, 0x22, 0x6d, 0x61, 0x69, 0x6e, 0x63, 0x6f, 0x6e, 0x74, 0x65, 0x6e, 0x74, 0x22, 0x20, 
0x63, 0x6c, 0x61, 0x73, 0x73, 0x3d, 0x22, 0x63, 0x6f, 0x6e, 0x74, 0x61, 0x69, 0x6e, 0x65, 0x72, 0x22, 
0x3e, 0x3c, 0x68, 0x31, 0x20, 0x63, 0x6c, 0x61, 0x73, 0x73, 0x3d, 0x22, 0x68, 0x65, 0x61, 0x64, 0x69, 
0x6e, 0x67, 0x22, 0x3e, 0x55, 0x50, 0x44, 0x41, 0x54, 0x45, 0x20, 0x46, 0x41, 0x49, 0x4c, 0x45, 0x44, 
0x3c, 0x2f, 0x68, 0x31, 0x3e, 0x3c, 0x64, 0x69, 0x76, 0x20, 0x63, 0x6c, 0x61, 0x73, 0x73, 0x3d, 0x22, 
0x61, 0x6c, 0x65, 0x72, 0x74, 0x2d, 0x6d, 0x65, 0x73, 0x73, 0x61, 0x67, 0x65, 0x20, 0x77, 0x61, 0x72, 
0x6e, 0x69, 0x6e, 0x67, 0x20, 0x65, 0x72, 0x72, 0x6f, 0x72, 0x22, 0x3e, 0x3c, 0x73, 0x74, 0x72, 0x6f, 
0x6e, 0x67, 0x3e, 0x53, 0x6f, 0x6d, 0x65, 0x74, 0x68, 0x69, 0x6e, 0x67, 0x20, 0x77, 0x65, 0x6e, 0x74, 
0x20, 0x77, 0x72, 0x6f, 0x6e, 0x67, 0x20, 0x64, 0x75, 0x72, 0x69, 0x6e, 0x67, 0x20, 0x75, 0x70, 0x64, 
0x61, 0x74, 0x65, 0x2e, 0x3c, 0x2f, 0x73, 0x74, 0x72, 0x6f, 0x6e, 0x67, 0x3e, 0x20, 0x50, 0x72, 0x6f, 
0x62, 0x61, 0x62, 0x6c, 0x79, 0x20, 0x79, 0x6f, 0x75, 0x20, 0x68, 0x61, 0x76, 0x65, 0x20, 0x63, 0x68, 
0x6f, 0x73, 0x65, 0x6e, 0x20, 0x77, 0x72, 0x6f, 0x6e, 0x67, 0x20, 0x66, 0x69, 0x6c, 0x65, 0x20, 0x28, 
0x74, 0x6f, 0x6f, 0x20, 0x62, 0x69, 0x67, 0x20, 0x6f, 0x72, 0x20, 0x74, 0x6f, 0x6f, 0x20, 0x73, 0x6d, 
0x61, 0x6c, 0x6c, 0x29, 0x20, 0x6f, 0x72, 0x20, 0x79, 0x6f, 0x75, 0x20, 0x77, 0x65, 0x72, 0x65, 0x20, 
0x74, 0x72, 0x79, 0x69, 0x6e, 0x67, 0x20, 0x74, 0x6f, 0x20, 0x75, 0x70, 0x64, 0x61, 0x74, 0x65, 0x20, 
0x41, 0x52, 0x54, 0x20, 0x6f, 0x6e, 0x20, 0x64, 0x65, 0x76, 0x69, 0x63, 0x65, 0x20, 0x77, 0x69, 0x74, 
0x68, 0x20, 0x75, 0x6e, 0x6b, 0x6e, 0x6f, 0x77, 0x6e, 0x20, 0x46, 0x4c, 0x41, 0x53, 0x48, 0x20, 0x74, 
0x79, 0x70, 0x65, 0x20, 0x28, 0x61, 0x6e, 0x64, 0x20, 0x73, 0x69, 0x7a, 0x65, 0x29, 0x20, 0x77, 0x68, 
0x69, 0x63, 0x68, 0x20, 0x69, 0x73, 0x20, 0x6e, 0x6f, 0x74, 0x20, 0x61, 0x6c, 0x6c, 0x6f, 0x77, 0x65, 
0x64, 0x2e, 0x20, 0x50, 0x6c, 0x65, 0x61, 0x73, 0x65, 0x2c, 0x20, 0x74, 0x72, 0x79, 0x20, 0x61, 0x67, 
0x61, 0x69, 0x6e, 0x20, 0x6f, 0x72, 0x20, 0x63, 0x6f, 0x6e, 0x74, 0x61, 0x63, 0x74, 0x20, 0x77, 0x69, 
0x74, 0x68, 0x20, 0x74, 0x68, 0x65, 0x20, 0x61, 0x75, 0x74, 0x68, 0x6f, 0x72, 0x20, 0x6f, 0x66, 0x20, 
0x74, 0x68, 0x69, 0x73, 0x20, 0x6d, 0x6f, 0x64, 0x69, 0x66, 0x69, 0x63, 0x61, 0x74, 0x69, 0x6f, 0x6e, 
0x2e, 0x20, 0x59, 0x6f, 0x75, 0x20, 0x63, 0x61, 0x6e, 0x20, 0x61, 0x6c, 0x73, 0x6f, 0x20, 0x67, 0x65, 
0x74, 0x20, 0x6d, 0x6f, 0x72, 0x65, 0x20, 0x69, 0x6e, 0x66, 0x6f, 0x72, 0x6d, 0x61, 0x74, 0x69, 0x6f, 
0x6e, 0x20, 0x64, 0x75, 0x72, 0x69, 0x6e, 0x67, 0x20, 0x75, 0x70, 0x64, 0x61, 0x74, 0x65, 0x20, 0x69, 
0x6e, 0x20, 0x55, 0x2d, 0x42, 0x6f, 0x6f, 0x74, 0x20, 0x63, 0x6f, 0x6e, 0x73, 0x6f, 0x6c, 0x65, 0x2e, 
0x3c, 0x2f, 0x64, 0x69, 0x76, 0x3e, 0x3c, 0x64, 0x69, 0x76, 0x20, 0x63, 0x6c, 0x61, 0x73, 0x73, 0x3d, 
0x22, 0x66, 0x6f, 0x6f, 0x74, 0x65, 0x72, 0x22, 0x3e, 0x54, 0x65, 0x6c, 0x74, 0x6f, 0x6e, 0x69, 0x6b, 
0x61, 0x20, 0x73, 0x6f, 0x6c, 0x75, 0x74, 0x69, 0x6f, 0x6e, 0x73, 0x3c, 0x61, 0x20, 0x68, 0x72, 0x65, 
0x66, 0x3d, 0x22, 0x68, 0x74, 0x74, 0x70, 0x73, 0x3a, 0x2f, 0x2f, 0x77, 0x77, 0x77, 0x2e, 0x74, 0x65, 
0x6c, 0x74, 0x6f, 0x6e, 0x69, 0x6b, 0x61, 0x2d, 0x6e, 0x65, 0x74, 0x77, 0x6f, 0x72, 0x6b, 0x73, 0x2e, 
0x63, 0x6f, 0x6d, 0x2f, 0x22, 0x3e, 0x77, 0x77, 0x77, 0x2e, 0x74, 0x65, 0x6c, 0x74, 0x6f, 0x6e, 0x69, 
0x6b, 0x61, 0x2d, 0x6e, 0x65, 0x74, 0x77, 0x6f, 0x72, 0x6b, 0x73, 0x2e, 0x63, 0x6f, 0x6d, 0x3c, 0x2f, 
0x61, 0x3e, 0x3c, 0x2f, 0x64, 0x69, 0x76, 0x3e, 0x3c, 0x2f, 0x64, 0x69, 0x76, 0x3e, 0x3c, 0x2f, 0x62, 
0x6f, 0x64, 0x79, 0x3e, 0x3c, 0x2f, 0x68, 0x74, 0x6d, 0x6c, 0x3e, 0 };

static const char data_flash_fail_html[] = {
/* Page/File content */
0x3c, 0x68, 0x31, 0x20, 0x63, 0x6c, 0x61, 0x73, 0x73, 0x3d, 0x22, 0x68, 0x65, 0x61, 0x64, 0x69, 0x6e, 
0x67, 0x22, 0x20, 0x73, 0x74, 0x79, 0x6c, 0x65, 0x3d, 0x22, 0x63, 0x6f, 0x6c, 0x6f, 0x72, 0x3a, 0x72, 
0x65, 0x64, 0x3b, 0x22, 0x3e, 0x46, 0x4c, 0x41, 0x53, 0x48, 0x49, 0x4e, 0x47, 0x20, 0x46, 0x41, 0x49, 
0x4c, 0x45, 0x44, 0x3c, 0x2f, 0x68, 0x31, 0x3e, 0 };

static const char data_flashing_html[] = {
/* Page/File content */
0x3c, 0x21, 0x44, 0x4f, 0x43, 0x54, 0x59, 0x50, 0x45, 0x20, 0x48, 0x54, 0x4d, 0x4c, 0x3e, 0x3c, 0x68, 
0x74, 0x6d, 0x6c, 0x3e, 0x3c, 0x68, 0x65, 0x61, 0x64, 0x3e, 0x3c, 0x6d, 0x65, 0x74, 0x61, 0x20, 0x63, 
0x68, 0x61, 0x72, 0x73, 0x65, 0x74, 0x3d, 0x22, 0x75, 0x74, 0x66, 0x2d, 0x38, 0x22, 0x3e, 0x3c, 0x74, 
0x69, 0x74, 0x6c, 0x65, 0x3e, 0x46, 0x6c, 0x61, 0x73, 0x68, 0x69, 0x6e, 0x67, 0x20, 0x69, 0x6e, 0x20, 
0x70, 0x72, 0x6f, 0x67, 0x72, 0x65, 0x73, 0x73, 0x3c, 0x2f, 0x74, 0x69, 0x74, 0x6c, 0x65, 0x3e, 0x3c, 
0x73, 0x74, 0x79, 0x6c, 0x65, 0x3e, 0x68, 0x74, 0x6d, 0x6c, 0x2c, 0x62, 0x6f, 0x64, 0x79, 0x7b, 0x6d, 
0x61, 0x72, 0x67, 0x69, 0x6e, 0x3a, 0x30, 0x3b, 0x70, 0x61, 0x64, 0x64, 0x69, 0x6e, 0x67, 0x3a, 0x30, 
0x7d, 0x68, 0x31, 0x2c, 0x68, 0x32, 0x2c, 0x70, 0x2c, 0x61, 0x2c, 0x69, 0x6d, 0x67, 0x2c, 0x73, 0x74, 
0x72, 0x6f, 0x6e, 0x67, 0x2c, 0x6c, 0x69, 0x2c, 0x6f, 0x6c, 0x2c, 0x75, 0x6c, 0x2c, 0x66, 0x6f, 0x72, 
0x6d, 0x2c, 0x6c, 0x61, 0x62, 0x65, 0x6c, 0x2c, 0x62, 0x75, 0x74, 0x74, 0x6f, 0x6e, 0x2c, 0x74, 0x72, 
0x2c, 0x74, 0x68, 0x2c, 0x74, 0x64, 0x7b, 0x6d, 0x61, 0x72, 0x67, 0x69, 0x6e, 0x3a, 0x30, 0x3b, 0x70, 
0x61, 0x64, 0x64, 0x69, 0x6e, 0x67, 0x3a, 0x30, 0x3b, 0x62, 0x6f, 0x72, 0x64, 0x65, 0x72, 0x3a, 0x30, 
0x3b, 0x66, 0x6f, 0x6e, 0x74, 0x2d, 0x77, 0x65, 0x69, 0x67, 0x68, 0x74, 0x3a, 0x34, 0x30, 0x30, 0x3b, 
0x66, 0x6f, 0x6e, 0x74, 0x2d, 0x73, 0x74, 0x79, 0x6c, 0x65, 0x3a, 0x6e, 0x6f, 0x72, 0x6d, 0x61, 0x6c, 
0x3b, 0x66, 0x6f, 0x6e, 0x74, 0x2d, 0x73, 0x69, 0x7a, 0x65, 0x3a, 0x31, 0x30, 0x30, 0x25, 0x3b, 0x6c, 
0x69, 0x6e, 0x65, 0x2d, 0x68, 0x65, 0x69, 0x67, 0x68, 0x74, 0x3a, 0x31, 0x3b, 0x66, 0x6f, 0x6e, 0x74, 
0x2d, 0x66, 0x61, 0x6d, 0x69, 0x6c, 0x79, 0x3a, 0x69, 0x6e, 0x68, 0x65, 0x72, 0x69, 0x74, 0x7d, 0x62, 
0x6f, 0x64, 0x79, 0x7b, 0x62, 0x61, 0x63, 0x6b, 0x67, 0x72, 0x6f, 0x75, 0x6e, 0x64, 0x2d, 0x63, 0x6f, 
0x6c, 0x6f, 0x72, 0x3a, 0x23, 0x66, 0x66, 0x66, 0x3b, 0x6d, 0x61, 0x72, 0x67, 0x69, 0x6e, 0x3a, 0x30, 
0x3b, 0x66, 0x6f, 0x6e, 0x74, 0x2d, 0x66, 0x61, 0x6d, 0x69, 0x6c, 0x79, 0x3a, 0x22, 0x48, 0x65, 0x6c, 
0x76, 0x65, 0x74, 0x69, 0x63, 0x61, 0x20, 0x4e, 0x65, 0x75, 0x65, 0x22, 0x2c, 0x48, 0x65, 0x6c, 0x76, 
0x65, 0x74, 0x69, 0x63, 0x61, 0x2c, 0x41, 0x72, 0x69, 0x61, 0x6c, 0x2c, 0x73, 0x61, 0x6e, 0x73, 0x2d, 
0x73, 0x65, 0x72, 0x69, 0x66, 0x3b, 0x66, 0x6f, 0x6e, 0x74, 0x2d, 0x73, 0x69, 0x7a, 0x65, 0x3a, 0x31, 
0x34, 0x70, 0x78, 0x3b, 0x66, 0x6f, 0x6e, 0x74, 0x2d, 0x77, 0x65, 0x69, 0x67, 0x68, 0x74, 0x3a, 0x34, 
0x30, 0x30, 0x3b, 0x6c, 0x69, 0x6e, 0x65, 0x2d, 0x68, 0x65, 0x69, 0x67, 0x68, 0x74, 0x3a, 0x31, 0x38, 
0x70, 0x78, 0x3b, 0x63, 0x6f, 0x6c, 0x6f, 0x72, 0x3a, 0x23, 0x34, 0x30, 0x34, 0x30, 0x34, 0x30, 0x7d, 
0x23, 0x6d, 0x7b, 0x6d, 0x61, 0x78, 0x2d, 0x77, 0x69, 0x64, 0x74, 0x68, 0x3a, 0x37, 0x35, 0x30, 0x70, 
0x78, 0x3b, 0x6d, 0x61, 0x72, 0x67, 0x69, 0x6e, 0x3a, 0x33, 0x30, 0x70, 0x78, 0x20, 0x61, 0x75, 0x74, 
0x6f, 0x20, 0x31, 0x30, 0x70, 0x78, 0x3b, 0x62, 0x6f, 0x72, 0x64, 0x65, 0x72, 0x3a, 0x73, 0x6f, 0x6c, 
0x69, 0x64, 0x20, 0x31, 0x70, 0x78, 0x20, 0x23, 0x42, 0x41, 0x42, 0x41, 0x42, 0x41, 0x3b, 0x62, 0x61, 
0x63, 0x6b, 0x67, 0x72, 0x6f, 0x75, 0x6e, 0x64, 0x3a, 0x23, 0x46, 0x46, 0x46, 0x3b, 0x62, 0x6f, 0x72, 
0x64, 0x65, 0x72, 0x2d, 0x72, 0x61, 0x64, 0x69, 0x75, 0x73, 0x3a, 0x37, 0x70, 0x78, 0x3b, 0x62, 0x6f, 
0x78, 0x2d, 0x73, 0x68, 0x61, 0x64, 0x6f, 0x77, 0x3a, 0x30, 0x20, 0x30, 0x20, 0x31, 0x30, 0x70, 0x78, 
0x20, 0x23, 0x44, 0x32, 0x44, 0x31, 0x44, 0x31, 0x7d, 0x23, 0x6d, 0x3e, 0x2a, 0x7b, 0x70, 0x61, 0x64, 
0x64, 0x69, 0x6e, 0x67, 0x3a, 0x32, 0x30, 0x70, 0x78, 0x7d, 0x68, 0x31, 0x7b, 0x66, 0x6f, 0x6e, 0x74, 
0x2d, 0x66, 0x61, 0x6d, 0x69, 0x6c, 0x79, 0x3a, 0x22, 0x48, 0x65, 0x6c, 0x76, 0x65, 0x74, 0x69, 0x63, 
0x61, 0x20, 0x4e, 0x65, 0x75, 0x65, 0x22, 0x2c, 0x48, 0x65, 0x6c, 0x76, 0x65, 0x74, 0x69, 0x63, 0x61, 
0x2c, 0x41, 0x72, 0x69, 0x61, 0x6c, 0x2c, 0x73, 0x61, 0x6e, 0x73, 0x2d, 0x73, 0x65, 0x72, 0x69, 0x66, 
0x3b, 0x66, 0x6f, 0x6e, 0x74, 0x2d, 0x73, 0x69, 0x7a, 0x65, 0x3a, 0x33, 0x30, 0x70, 0x78, 0x3b, 0x66, 
0x6f, 0x6e, 0x74, 0x2d, 0x77, 0x65, 0x69, 0x67, 0x68, 0x74, 0x3a, 0x37, 0x30, 0x30, 0x3b, 0x6d, 0x61, 
0x72, 0x67, 0x69, 0x6e, 0x2d, 0x62, 0x6f, 0x74, 0x74, 0x6f, 0x6d, 0x3a, 0x32, 0x30, 0x70, 0x78, 0x3b, 
0x63, 0x6f, 0x6c, 0x6f, 0x72, 0x3a, 0x23, 0x34, 0x34, 0x34, 0x3b, 0x74, 0x65, 0x78, 0x74, 0x2d, 0x64, 
0x65, 0x63, 0x6f, 0x72, 0x61, 0x74, 0x69, 0x6f, 0x6e, 0x3a, 0x6e, 0x6f, 0x6e, 0x65, 0x3b, 0x62, 0x6f, 
0x72, 0x64, 0x65, 0x72, 0x2d, 0x62, 0x6f, 0x74, 0x74, 0x6f, 0x6d, 0x3a, 0x31, 0x70, 0x78, 0x20, 0x73, 
0x6f, 0x6c, 0x69, 0x64, 0x20, 0x23, 0x41, 0x46, 0x41, 0x46, 0x41, 0x46, 0x7d, 0x61, 0x7b, 0x63, 0x6f, 
0x6c, 0x6f, 0x72, 0x3a, 0x23, 0x34, 0x30, 0x34, 0x30, 0x34, 0x30, 0x3b, 0x74, 0x65, 0x78, 0x74, 0x2d, 
0x64, 0x65, 0x63, 0x6f, 0x72, 0x61, 0x74, 0x69, 0x6f, 0x6e, 0x3a, 0x6e, 0x6f, 0x6e, 0x65, 0x7d, 0x2e, 
0x69, 0x7b, 0x6d, 0x61, 0x72, 0x67, 0x69, 0x6e, 0x3a, 0x32, 0x30, 0x70, 0x78, 0x3b, 0x62, 0x6f, 0x72, 
0x64, 0x65, 0x72, 0x2d, 0x72, 0x61, 0x64, 0x69, 0x75, 0x73, 0x3a, 0x37, 0x70, 0x78, 0x3b, 0x74, 0x65, 
0x78, 0x74, 0x2d, 0x61, 0x6c, 0x69, 0x67, 0x6e, 0x3a, 0x6a, 0x75, 0x73, 0x74, 0x69, 0x66, 0x79, 0x7d, 
0x2e, 0x77, 0x7b, 0x62, 0x61, 0x63, 0x6b, 0x67, 0x72, 0x6f, 0x75, 0x6e, 0x64, 0x3a, 0x23, 0x46, 0x45, 
0x46, 0x44, 0x43, 0x45, 0x3b, 0x62, 0x6f, 0x72, 0x64, 0x65, 0x72, 0x3a, 0x73, 0x6f, 0x6c, 0x69, 0x64, 
0x20, 0x31, 0x70, 0x78, 0x20, 0x23, 0x46, 0x46, 0x43, 0x36, 0x34, 0x33, 0x7d, 0x2e, 0x65, 0x7b, 0x62, 
0x61, 0x63, 0x6b, 0x67, 0x72, 0x6f, 0x75, 0x6e, 0x64, 0x3a, 0x23, 0x46, 0x46, 0x45, 0x37, 0x45, 0x37, 
0x3b, 0x62, 0x6f, 0x72, 0x64, 0x65, 0x72, 0x3a, 0x73, 0x6f, 0x6c, 0x69, 0x64, 0x20, 0x31, 0x70, 0x78, 
0x20, 0x23, 0x46, 0x45, 0x37, 0x31, 0x37, 0x31, 0x7d, 0x23, 0x66, 0x7b, 0x74, 0x65, 0x78, 0x74, 0x2d, 
0x61, 0x6c, 0x69, 0x67, 0x6e, 0x3a, 0x63, 0x65, 0x6e, 0x74, 0x65, 0x72, 0x3b, 0x63, 0x6f, 0x6c, 0x6f, 
0x72, 0x3a, 0x23, 0x39, 0x36, 0x39, 0x33, 0x39, 0x33, 0x7d, 0x66, 0x6f, 0x72, 0x6d, 0x2c, 0x70, 0x2c, 
0x68, 0x31, 0x7b, 0x74, 0x65, 0x78, 0x74, 0x2d, 0x61, 0x6c, 0x69, 0x67, 0x6e, 0x3a, 0x63, 0x65, 0x6e, 
0x74, 0x65, 0x72, 0x7d, 0x66, 0x6f, 0x72, 0x6d, 0x7b, 0x6d, 0x61, 0x72, 0x67, 0x69, 0x6e, 0x2d, 0x62, 
0x6f, 0x74, 0x74, 0x6f, 0x6d, 0x3a, 0x32, 0x30, 0x70, 0x78, 0x7d, 0x75, 0x6c, 0x7b, 0x6c, 0x69, 0x73, 
0x74, 0x2d, 0x73, 0x74, 0x79, 0x6c, 0x65, 0x3a, 0x73, 0x71, 0x75, 0x61, 0x72, 0x65, 0x3b, 0x6d, 0x61, 
0x72, 0x67, 0x69, 0x6e, 0x3a, 0x30, 0x20, 0x30, 0x20, 0x30, 0x20, 0x32, 0x30, 0x70, 0x78, 0x7d, 0x2e, 
0x69, 0x20, 0x73, 0x74, 0x72, 0x6f, 0x6e, 0x67, 0x7b, 0x6d, 0x61, 0x72, 0x67, 0x69, 0x6e, 0x3a, 0x30, 
0x20, 0x30, 0x20, 0x35, 0x70, 0x78, 0x3b, 0x64, 0x69, 0x73, 0x70, 0x6c, 0x61, 0x79, 0x3a, 0x62, 0x6c, 
0x6f, 0x63, 0x6b, 0x7d, 0x68, 0x65, 0x61, 0x64, 0x65, 0x72, 0x7b, 0x6d, 0x61, 0x72, 0x67, 0x69, 0x6e, 
0x2d, 0x62, 0x6f, 0x74, 0x74, 0x6f, 0x6d, 0x3a, 0x36, 0x30, 0x70, 0x78, 0x7d, 0x68, 0x65, 0x61, 0x64, 
0x65, 0x72, 0x20, 0x61, 0x7b, 0x63, 0x6f, 0x6c, 0x6f, 0x72, 0x3a, 0x23, 0x66, 0x66, 0x66, 0x3b, 0x74, 
0x65, 0x78, 0x74, 0x2d, 0x73, 0x68, 0x61, 0x64, 0x6f, 0x77, 0x3a, 0x30, 0x20, 0x2d, 0x31, 0x70, 0x78, 
0x20, 0x30, 0x20, 0x72, 0x67, 0x62, 0x61, 0x28, 0x30, 0x2c, 0x30, 0x2c, 0x30, 0x2c, 0x2e, 0x32, 0x35, 
0x29, 0x3b, 0x66, 0x6f, 0x6e, 0x74, 0x2d, 0x73, 0x69, 0x7a, 0x65, 0x3a, 0x31, 0x35, 0x70, 0x78, 0x3b, 
0x66, 0x6f, 0x6e, 0x74, 0x2d, 0x77, 0x65, 0x69, 0x67, 0x68, 0x74, 0x3a, 0x37, 0x30, 0x30, 0x7d, 0x68, 
0x65, 0x61, 0x64, 0x65, 0x72, 0x20, 0x68, 0x33, 0x20, 0x61, 0x2c, 0x68, 0x65, 0x61, 0x64, 0x65, 0x72, 
0x20, 0x2e, 0x62, 0x72, 0x61, 0x6e, 0x64, 0x7b, 0x66, 0x6c, 0x6f, 0x61, 0x74, 0x3a, 0x6c, 0x65, 0x66, 
0x74, 0x3b, 0x64, 0x69, 0x73, 0x70, 0x6c, 0x61, 0x79, 0x3a, 0x62, 0x6c, 0x6f, 0x63, 0x6b, 0x3b, 0x70, 
0x61, 0x64, 0x64, 0x69, 0x6e, 0x67, 0x3a, 0x38, 0x70, 0x78, 0x20, 0x32, 0x30, 0x70, 0x78, 0x20, 0x31, 
0x32, 0x70, 0x78, 0x3b, 0x6d, 0x61, 0x72, 0x67, 0x69, 0x6e, 0x2d, 0x6c, 0x65, 0x66, 0x74, 0x3a, 0x2d, 
0x32, 0x30, 0x70, 0x78, 0x3b, 0x63, 0x6f, 0x6c, 0x6f, 0x72, 0x3a, 0x23, 0x66, 0x66, 0x66, 0x3b, 0x66, 
0x6f, 0x6e, 0x74, 0x2d, 0x73, 0x69, 0x7a, 0x65, 0x3a, 0x32, 0x30, 0x70, 0x78, 0x3b, 0x66, 0x6f, 0x6e, 
0x74, 0x2d, 0x77, 0x65, 0x69, 0x67, 0x68, 0x74, 0x3a, 0x32, 0x30, 0x30, 0x3b, 0x6c, 0x69, 0x6e, 0x65, 
0x2d, 0x68, 0x65, 0x69, 0x67, 0x68, 0x74, 0x3a, 0x31, 0x7d, 0x68, 0x65, 0x61, 0x64, 0x65, 0x72, 0x20, 
0x70, 0x7b, 0x6d, 0x61, 0x72, 0x67, 0x69, 0x6e, 0x3a, 0x30, 0x3b, 0x6c, 0x69, 0x6e, 0x65, 0x2d, 0x68, 
0x65, 0x69, 0x67, 0x68, 0x74, 0x3a, 0x34, 0x30, 0x70, 0x78, 0x7d, 0x68, 0x65, 0x61, 0x64, 0x65, 0x72, 
0x20, 0x2e, 0x66, 0x69, 0x6c, 0x6c, 0x7b, 0x62, 0x6f, 0x72, 0x64, 0x65, 0x72, 0x2d, 0x62, 0x6f, 0x74, 
0x74, 0x6f, 0x6d, 0x3a, 0x31, 0x70, 0x78, 0x20, 0x73, 0x6f, 0x6c, 0x69, 0x64, 0x20, 0x23, 0x45, 0x34, 
0x45, 0x34, 0x45, 0x34, 0x3b, 0x70, 0x61, 0x64, 0x64, 0x69, 0x6e, 0x67, 0x3a, 0x32, 0x30, 0x70, 0x78, 
0x20, 0x30, 0x3b, 0x6d, 0x61, 0x78, 0x2d, 0x77, 0x69, 0x64, 0x74, 0x68, 0x3a, 0x39, 0x34, 0x30, 0x70, 
0x78, 0x3b, 0x6d, 0x61, 0x72, 0x67, 0x69, 0x6e, 0x3a, 0x30, 0x20, 0x61, 0x75, 0x74, 0x6f, 0x7d, 0x64, 
0x69, 0x76, 0x2e, 0x63, 0x6f, 0x6e, 0x74, 0x61, 0x69, 0x6e, 0x65, 0x72, 0x20, 0x69, 0x6d, 0x67, 0x2e, 
0x6c, 0x6f, 0x67, 0x6f, 0x7b, 0x6d, 0x61, 0x72, 0x67, 0x69, 0x6e, 0x2d, 0x74, 0x6f, 0x70, 0x3a, 0x36, 
0x70, 0x78, 0x7d, 0x2e, 0x63, 0x6f, 0x6e, 0x74, 0x61, 0x69, 0x6e, 0x65, 0x72, 0x7b, 0x77, 0x69, 0x64, 
0x74, 0x68, 0x3a, 0x31, 0x30, 0x30, 0x25, 0x3b, 0x6d, 0x61, 0x78, 0x2d, 0x77, 0x69, 0x64, 0x74, 0x68, 
0x3a, 0x39, 0x34, 0x30, 0x70, 0x78, 0x3b, 0x6d, 0x61, 0x72, 0x67, 0x69, 0x6e, 0x2d, 0x6c, 0x65, 0x66, 
0x74, 0x3a, 0x61, 0x75, 0x74, 0x6f, 0x3b, 0x6d, 0x61, 0x72, 0x67, 0x69, 0x6e, 0x2d, 0x72, 0x69, 0x67, 
0x68, 0x74, 0x3a, 0x61, 0x75, 0x74, 0x6f, 0x3b, 0x7a, 0x6f, 0x6f, 0x6d, 0x3a, 0x31, 0x7d, 0x2e, 0x61, 
0x6c, 0x65, 0x72, 0x74, 0x2d, 0x6d, 0x65, 0x73, 0x73, 0x61, 0x67, 0x65, 0x7b, 0x70, 0x6f, 0x73, 0x69, 
0x74, 0x69, 0x6f, 0x6e, 0x3a, 0x72, 0x65, 0x6c, 0x61, 0x74, 0x69, 0x76, 0x65, 0x3b, 0x62, 0x61, 0x63, 
0x6b, 0x67, 0x72, 0x6f, 0x75, 0x6e, 0x64, 0x3a, 0x23, 0x46, 0x46, 0x46, 0x3b, 0x62, 0x6f, 0x72, 0x64, 
0x65, 0x72, 0x3a, 0x31, 0x70, 0x78, 0x20, 0x73, 0x6f, 0x6c, 0x69, 0x64, 0x20, 0x23, 0x45, 0x34, 0x45, 
0x34, 0x45, 0x34, 0x3b, 0x62, 0x6f, 0x72, 0x64, 0x65, 0x72, 0x2d, 0x72, 0x61, 0x64, 0x69, 0x75, 0x73, 
0x3a, 0x37, 0x70, 0x78, 0x3b, 0x70, 0x61, 0x64, 0x64, 0x69, 0x6e, 0x67, 0x3a, 0x32, 0x30, 0x70, 0x78, 
0x20, 0x33, 0x38, 0x70, 0x78, 0x3b, 0x6d, 0x61, 0x72, 0x67, 0x69, 0x6e, 0x2d, 0x62, 0x6f, 0x74, 0x74, 
0x6f, 0x6d, 0x3a, 0x31, 0x38, 0x70, 0x78, 0x7d, 0x2e, 0x61, 0x6c, 0x65, 0x72, 0x74, 0x2d, 0x6d, 0x65, 
0x73, 0x73, 0x61, 0x67, 0x65, 0x2e, 0x65, 0x72, 0x72, 0x6f, 0x72, 0x7b, 0x62, 0x6f, 0x72, 0x64, 0x65, 
0x72, 0x2d, 0x63, 0x6f, 0x6c, 0x6f, 0x72, 0x3a, 0x23, 0x44, 0x44, 0x34, 0x42, 0x33, 0x39, 0x3b, 0x63, 
0x6f, 0x6c, 0x6f, 0x72, 0x3a, 0x23, 0x44, 0x44, 0x34, 0x42, 0x33, 0x39, 0x7d, 0x2e, 0x61, 0x6c, 0x65, 
0x72, 0x74, 0x2d, 0x6d, 0x65, 0x73, 0x73, 0x61, 0x67, 0x65, 0x2e, 0x77, 0x61, 0x72, 0x6e, 0x69, 0x6e, 
0x67, 0x7b, 0x62, 0x6f, 0x72, 0x64, 0x65, 0x72, 0x2d, 0x63, 0x6f, 0x6c, 0x6f, 0x72, 0x3a, 0x23, 0x44, 
0x44, 0x34, 0x42, 0x33, 0x39, 0x3b, 0x63, 0x6f, 0x6c, 0x6f, 0x72, 0x3a, 0x23, 0x44, 0x44, 0x34, 0x42, 
0x33, 0x39, 0x7d, 0x23, 0x6c, 0x7b, 0x68, 0x65, 0x69, 0x67, 0x68, 0x74, 0x3a, 0x38, 0x30, 0x70, 0x78, 
0x3b, 0x77, 0x69, 0x64, 0x74, 0x68, 0x3a, 0x38, 0x30, 0x70, 0x78, 0x3b, 0x6d, 0x61, 0x72, 0x67, 0x69, 
0x6e, 0x3a, 0x30, 0x20, 0x61, 0x75, 0x74, 0x6f, 0x20, 0x32, 0x30, 0x70, 0x78, 0x3b, 0x2d, 0x77, 0x65, 
0x62, 0x6b, 0x69, 0x74, 0x2d, 0x61, 0x6e, 0x69, 0x6d, 0x61, 0x74, 0x69, 0x6f, 0x6e, 0x3a, 0x72, 0x20, 
0x31, 0x73, 0x20, 0x69, 0x6e, 0x66, 0x69, 0x6e, 0x69, 0x74, 0x65, 0x20, 0x6c, 0x69, 0x6e, 0x65, 0x61, 
0x72, 0x3b, 0x2d, 0x6d, 0x6f, 0x7a, 0x2d, 0x61, 0x6e, 0x69, 0x6d, 0x61, 0x74, 0x69, 0x6f, 0x6e, 0x3a, 
0x72, 0x20, 0x31, 0x73, 0x20, 0x69, 0x6e, 0x66, 0x69, 0x6e, 0x69, 0x74, 0x65, 0x20, 0x6c, 0x69, 0x6e, 
0x65, 0x61, 0x72, 0x3b, 0x2d, 0x6f, 0x2d, 0x61, 0x6e, 0x69, 0x6d, 0x61, 0x74, 0x69, 0x6f, 0x6e, 0x3a, 
0x72, 0x20, 0x31, 0x73, 0x20, 0x69, 0x6e, 0x66, 0x69, 0x6e, 0x69, 0x74, 0x65, 0x20, 0x6c, 0x69, 0x6e, 
0x65, 0x61, 0x72, 0x3b, 0x61, 0x6e, 0x69, 0x6d, 0x61, 0x74, 0x69, 0x6f, 0x6e, 0x3a, 0x72, 0x20, 0x31, 
0x73, 0x20, 0x69, 0x6e, 0x66, 0x69, 0x6e, 0x69, 0x74, 0x65, 0x20, 0x6c, 0x69, 0x6e, 0x65, 0x61, 0x72, 
0x3b, 0x62, 0x6f, 0x72, 0x64, 0x65, 0x72, 0x2d, 0x6c, 0x65, 0x66, 0x74, 0x3a, 0x37, 0x70, 0x78, 0x20, 
0x73, 0x6f, 0x6c, 0x69, 0x64, 0x20, 0x23, 0x45, 0x41, 0x46, 0x31, 0x46, 0x46, 0x3b, 0x62, 0x6f, 0x72, 
0x64, 0x65, 0x72, 0x2d, 0x72, 0x69, 0x67, 0x68, 0x74, 0x3a, 0x37, 0x70, 0x78, 0x20, 0x73, 0x6f, 0x6c, 
0x69, 0x64, 0x20, 0x23, 0x45, 0x41, 0x46, 0x31, 0x46, 0x46, 0x3b, 0x62, 0x6f, 0x72, 0x64, 0x65, 0x72, 
0x2d, 0x62, 0x6f, 0x74, 0x74, 0x6f, 0x6d, 0x3a, 0x37, 0x70, 0x78, 0x20, 0x73, 0x6f, 0x6c, 0x69, 0x64, 
0x20, 0x23, 0x45, 0x41, 0x46, 0x31, 0x46, 0x46, 0x3b, 0x62, 0x6f, 0x72, 0x64, 0x65, 0x72, 0x2d, 0x74, 
0x6f, 0x70, 0x3a, 0x37, 0x70, 0x78, 0x20, 0x73, 0x6f, 0x6c, 0x69, 0x64, 0x20, 0x23, 0x32, 0x34, 0x35, 
0x30, 0x41, 0x44, 0x3b, 0x62, 0x6f, 0x72, 0x64, 0x65, 0x72, 0x2d, 0x72, 0x61, 0x64, 0x69, 0x75, 0x73, 
0x3a, 0x31, 0x30, 0x30, 0x25, 0x7d, 0x40, 0x2d, 0x77, 0x65, 0x62, 0x6b, 0x69, 0x74, 0x2d, 0x6b, 0x65, 
0x79, 0x66, 0x72, 0x61, 0x6d, 0x65, 0x73, 0x20, 0x72, 0x7b, 0x66, 0x72, 0x6f, 0x6d, 0x7b, 0x2d, 0x77, 
0x65, 0x62, 0x6b, 0x69, 0x74, 0x2d, 0x74, 0x72, 0x61, 0x6e, 0x73, 0x66, 0x6f, 0x72, 0x6d, 0x3a, 0x72, 
0x6f, 0x74, 0x61, 0x74, 0x65, 0x28, 0x30, 0x64, 0x65, 0x67, 0x29, 0x7d, 0x74, 0x6f, 0x7b, 0x2d, 0x77, 
0x65, 0x62, 0x6b, 0x69, 0x74, 0x2d, 0x74, 0x72, 0x61, 0x6e, 0x73, 0x66, 0x6f, 0x72, 0x6d, 0x3a, 0x72, 
0x6f, 0x74, 0x61, 0x74, 0x65, 0x28, 0x33, 0x35, 0x39, 0x64, 0x65, 0x67, 0x29, 0x7d, 0x7d, 0x40, 0x2d, 
0x6d, 0x6f, 0x7a, 0x2d, 0x6b, 0x65, 0x79, 0x66, 0x72, 0x61, 0x6d, 0x65, 0x73, 0x20, 0x72, 0x7b, 0x66, 
0x72, 0x6f, 0x6d, 0x7b, 0x2d, 0x6d, 0x6f, 0x7a, 0x2d, 0x74, 0x72, 0x61, 0x6e, 0x73, 0x66, 0x6f, 0x72, 
0x6d, 0x3a, 0x72, 0x6f, 0x74, 0x61, 0x74, 0x65, 0x28, 0x30, 0x64, 0x65, 0x67, 0x29, 0x7d, 0x74, 0x6f, 
0x7b, 0x2d, 0x6d, 0x6f, 0x7a, 0x2d, 0x74, 0x72, 0x61, 0x6e, 0x73, 0x66, 0x6f, 0x72, 0x6d, 0x3a, 0x72, 
0x6f, 0x74, 0x61, 0x74, 0x65, 0x28, 0x33, 0x35, 0x39, 0x64, 0x65, 0x67, 0x29, 0x7d, 0x7d, 0x40, 0x2d, 
0x6f, 0x2d, 0x6b, 0x65, 0x79, 0x66, 0x72, 0x61, 0x6d, 0x65, 0x73, 0x20, 0x72, 0x7b, 0x66, 0x72, 0x6f, 
0x6d, 0x7b, 0x2d, 0x6f, 0x2d, 0x74, 0x72, 0x61, 0x6e, 0x73, 0x66, 0x6f, 0x72, 0x6d, 0x3a, 0x72, 0x6f, 
0x74, 0x61, 0x74, 0x65, 0x28, 0x30, 0x64, 0x65, 0x67, 0x29, 0x7d, 0x74, 0x6f, 0x7b, 0x2d, 0x6f, 0x2d, 
0x74, 0x72, 0x61, 0x6e, 0x73, 0x66, 0x6f, 0x72, 0x6d, 0x3a, 0x72, 0x6f, 0x74, 0x61, 0x74, 0x65, 0x28, 
0x33, 0x35, 0x39, 0x64, 0x65, 0x67, 0x29, 0x7d, 0x7d, 0x40, 0x6b, 0x65, 0x79, 0x66, 0x72, 0x61, 0x6d, 
0x65, 0x73, 0x20, 0x72, 0x7b, 0x66, 0x72, 0x6f, 0x6d, 0x7b, 0x74, 0x72, 0x61, 0x6e, 0x73, 0x66, 0x6f, 
0x72, 0x6d, 0x3a, 0x72, 0x6f, 0x74, 0x61, 0x74, 0x65, 0x28, 0x30, 0x64, 0x65, 0x67, 0x29, 0x7d, 0x74, 
0x6f, 0x7b, 0x74, 0x72, 0x61, 0x6e, 0x73, 0x66, 0x6f, 0x72, 0x6d, 0x3a, 0x72, 0x6f, 0x74, 0x61, 0x74, 
0x65, 0x28, 0x33, 0x35, 0x39, 0x64, 0x65, 0x67, 0x29, 0x7d, 0x7d, 0x70, 0x7b, 0x6d, 0x61, 0x72, 0x67, 
0x69, 0x6e, 0x2d, 0x62, 0x6f, 0x74, 0x74, 0x6f, 0x6d, 0x3a, 0x32, 0x30, 0x70, 0x78, 0x7d, 0x2e, 0x66, 
0x6f, 0x6f, 0x74, 0x65, 0x72, 0x7b, 0x62, 0x6f, 0x72, 0x64, 0x65, 0x72, 0x2d, 0x74, 0x6f, 0x70, 0x3a, 
0x31, 0x70, 0x78, 0x20, 0x73, 0x6f, 0x6c, 0x69, 0x64, 0x20, 0x23, 0x44, 0x44, 0x44, 0x3b, 0x70, 0x61, 
0x64, 0x64, 0x69, 0x6e, 0x67, 0x3a, 0x31, 0x30, 0x2e, 0x38, 0x70, 0x78, 0x20, 0x31, 0x32, 0x70, 0x78, 
0x3b, 0x66, 0x6f, 0x6e, 0x74, 0x2d, 0x73, 0x69, 0x7a, 0x65, 0x3a, 0x31, 0x32, 0x70, 0x78, 0x3b, 0x63, 
0x6f, 0x6c, 0x6f, 0x72, 0x3a, 0x23, 0x38, 0x31, 0x38, 0x31, 0x39, 0x38, 0x7d, 0x2e, 0x66, 0x6f, 0x6f, 
0x74, 0x65, 0x72, 0x20, 0x61, 0x7b, 0x63, 0x6f, 0x6c, 0x6f, 0x72, 0x3a, 0x23, 0x38, 0x31, 0x38, 0x31, 
0x39, 0x38, 0x3b, 0x66, 0x6c, 0x6f, 0x61, 0x74, 0x3a, 0x72, 0x69, 0x67, 0x68, 0x74, 0x7d, 0x2e, 0x68, 
0x65, 0x61, 0x64, 0x69, 0x6e, 0x67, 0x7b, 0x74, 0x65, 0x78, 0x74, 0x2d, 0x61, 0x6c, 0x69, 0x67, 0x6e, 
0x3a, 0x6c, 0x65, 0x66, 0x74, 0x7d, 0x3c, 0x2f, 0x73, 0x74, 0x79, 0x6c, 0x65, 0x3e, 0x3c, 0x2f, 0x68, 
0x65, 0x61, 0x64, 0x3e, 0x3c, 0x73, 0x74, 0x79, 0x6c, 0x65, 0x3e, 0x23, 0x50, 0x72, 0x6f, 0x67, 0x72, 
0x65, 0x73, 0x73, 0x5f, 0x61, 0x6c, 0x6c, 0x20, 0x7b, 0x20, 0x20, 0x77, 0x69, 0x64, 0x74, 0x68, 0x3a, 
0x20, 0x31, 0x30, 0x30, 0x25, 0x3b, 0x20, 0x20, 0x62, 0x61, 0x63, 0x6b, 0x67, 0x72, 0x6f, 0x75, 0x6e, 
0x64, 0x2d, 0x63, 0x6f, 0x6c, 0x6f, 0x72, 0x3a, 0x20, 0x23, 0x64, 0x64, 0x64, 0x3b, 0x7d, 0x23, 0x50, 
0x72, 0x6f, 0x67, 0x72, 0x65, 0x73, 0x73, 0x20, 0x7b, 0x20, 0x20, 0x77, 0x69, 0x64, 0x74, 0x68, 0x3a, 
0x20, 0x31, 0x25, 0x3b, 0x20, 0x20, 0x68, 0x65, 0x69, 0x67, 0x68, 0x74, 0x3a, 0x20, 0x33, 0x30, 0x70, 
0x78, 0x3b, 0x20, 0x20, 0x62, 0x61, 0x63, 0x6b, 0x67, 0x72, 0x6f, 0x75, 0x6e, 0x64, 0x2d, 0x63, 0x6f, 
0x6c, 0x6f, 0x72, 0x3a, 0x20, 0x23, 0x30, 0x34, 0x41, 0x41, 0x36, 0x44, 0x3b, 0x7d, 0x3c, 0x2f, 0x73, 
0x74, 0x79, 0x6c, 0x65, 0x3e, 0x3c, 0x62, 0x6f, 0x64, 0x79, 0x3e, 0x3c, 0x68, 0x65, 0x61, 0x64, 0x65, 
0x72, 0x3e, 0x3c, 0x64, 0x69, 0x76, 0x20, 0x63, 0x6c, 0x61, 0x73, 0x73, 0x3d, 0x22, 0x66, 0x69, 0x6c, 
0x6c, 0x22, 0x3e, 0x3c, 0x64, 0x69, 0x76, 0x20, 0x63, 0x6c, 0x61, 0x73, 0x73, 0x3d, 0x22, 0x63, 0x6f, 
0x6e, 0x74, 0x61, 0x69, 0x6e, 0x65, 0x72, 0x22, 0x3e, 0x3c, 0x6f, 0x62, 0x6a, 0x65, 0x63, 0x74, 0x20, 
0x63, 0x6c, 0x61, 0x73, 0x73, 0x3d, 0x22, 0x6c, 0x6f, 0x67, 0x6f, 0x22, 0x20, 0x74, 0x79, 0x70, 0x65, 
0x3d, 0x22, 0x69, 0x6d, 0x61, 0x67, 0x65, 0x2f, 0x73, 0x76, 0x67, 0x2b, 0x78, 0x6d, 0x6c, 0x22, 0x20, 
0x64, 0x61, 0x74, 0x61, 0x3d, 0x22, 0x64, 0x61, 0x74, 0x61, 0x3a, 0x69, 0x6d, 0x61, 0x67, 0x65, 0x2f, 
0x73, 0x76, 0x67, 0x2b, 0x78, 0x6d, 0x6c, 0x3b, 0x62, 0x61, 0x73, 0x65, 0x36, 0x34, 0x2c, 0x50, 0x44, 
0x39, 0x34, 0x62, 0x57, 0x77, 0x67, 0x64, 0x6d, 0x56, 0x79, 0x63, 0x32, 0x6c, 0x76, 0x62, 0x6a, 0x30, 
0x69, 0x4d, 0x53, 0x34, 0x77, 0x49, 0x69, 0x42, 0x6c, 0x62, 0x6d, 0x4e, 0x76, 0x5a, 0x47, 0x6c, 0x75, 
0x5a, 0x7a, 0x30, 0x69, 0x64, 0x58, 0x52, 0x6d, 0x4c, 0x54, 0x67, 0x69, 0x50, 0x7a, 0x34, 0x4b, 0x50, 
0x43, 0x45, 0x74, 0x4c, 0x53, 0x42, 0x48, 0x5a, 0x57, 0x35, 0x6c, 0x63, 0x6d, 0x46, 0x30, 0x62, 0x33, 
0x49, 0x36, 0x49, 0x45, 0x46, 0x6b, 0x62, 0x32, 0x4a, 0x6c, 0x49, 0x45, 0x6c, 0x73, 0x62, 0x48, 0x56, 
0x7a, 0x64, 0x48, 0x4a, 0x68, 0x64, 0x47, 0x39, 0x79, 0x49, 0x44, 0x49, 0x30, 0x4c, 0x6a, 0x49, 0x75, 
0x4d, 0x79, 0x77, 0x67, 0x55, 0x31, 0x5a, 0x48, 0x49, 0x45, 0x56, 0x34, 0x63, 0x47, 0x39, 0x79, 0x64, 
0x43, 0x42, 0x51, 0x62, 0x48, 0x56, 0x6e, 0x4c, 0x55, 0x6c, 0x75, 0x49, 0x43, 0x34, 0x67, 0x55, 0x31, 
0x5a, 0x48, 0x49, 0x46, 0x5a, 0x6c, 0x63, 0x6e, 0x4e, 0x70, 0x62, 0x32, 0x34, 0x36, 0x49, 0x44, 0x59, 
0x75, 0x4d, 0x44, 0x41, 0x67, 0x51, 0x6e, 0x56, 0x70, 0x62, 0x47, 0x51, 0x67, 0x4d, 0x43, 0x6b, 0x67, 
0x49, 0x43, 0x30, 0x74, 0x50, 0x67, 0x6f, 0x38, 0x63, 0x33, 0x5a, 0x6e, 0x49, 0x48, 0x64, 0x70, 0x5a, 
0x48, 0x52, 0x6f, 0x50, 0x53, 0x49, 0x79, 0x4e, 0x6a, 0x59, 0x75, 0x4d, 0x79, 0x49, 0x67, 0x61, 0x47, 
0x56, 0x70, 0x5a, 0x32, 0x68, 0x30, 0x50, 0x53, 0x49, 0x7a, 0x4d, 0x53, 0x49, 0x67, 0x64, 0x6d, 0x56, 
0x79, 0x63, 0x32, 0x6c, 0x76, 0x62, 0x6a, 0x30, 0x69, 0x4d, 0x53, 0x34, 0x78, 0x49, 0x69, 0x42, 0x70, 
0x5a, 0x44, 0x30, 0x69, 0x54, 0x47, 0x46, 0x35, 0x5a, 0x58, 0x4a, 0x66, 0x4d, 0x53, 0x49, 0x67, 0x65, 
0x47, 0x31, 0x73, 0x62, 0x6e, 0x4d, 0x39, 0x49, 0x6d, 0x68, 0x30, 0x64, 0x48, 0x41, 0x36, 0x4c, 0x79, 
0x39, 0x33, 0x64, 0x33, 0x63, 0x75, 0x64, 0x7a, 0x4d, 0x75, 0x62, 0x33, 0x4a, 0x6e, 0x4c, 0x7a, 0x49, 
0x77, 0x4d, 0x44, 0x41, 0x76, 0x63, 0x33, 0x5a, 0x6e, 0x49, 0x69, 0x42, 0x34, 0x62, 0x57, 0x78, 0x75, 
0x63, 0x7a, 0x70, 0x34, 0x62, 0x47, 0x6c, 0x75, 0x61, 0x7a, 0x30, 0x69, 0x61, 0x48, 0x52, 0x30, 0x63, 
0x44, 0x6f, 0x76, 0x4c, 0x33, 0x64, 0x33, 0x64, 0x79, 0x35, 0x33, 0x4d, 0x79, 0x35, 0x76, 0x63, 0x6d, 
0x63, 0x76, 0x4d, 0x54, 0x6b, 0x35, 0x4f, 0x53, 0x39, 0x34, 0x62, 0x47, 0x6c, 0x75, 0x61, 0x79, 0x49, 
0x67, 0x65, 0x44, 0x30, 0x69, 0x4d, 0x48, 0x42, 0x34, 0x49, 0x69, 0x42, 0x35, 0x50, 0x53, 0x49, 0x77, 
0x63, 0x48, 0x67, 0x69, 0x43, 0x67, 0x6b, 0x67, 0x64, 0x6d, 0x6c, 0x6c, 0x64, 0x30, 0x4a, 0x76, 0x65, 
0x44, 0x30, 0x69, 0x4d, 0x43, 0x41, 0x77, 0x49, 0x44, 0x49, 0x32, 0x4e, 0x69, 0x34, 0x7a, 0x49, 0x44, 
0x4d, 0x78, 0x49, 0x69, 0x42, 0x7a, 0x64, 0x48, 0x6c, 0x73, 0x5a, 0x54, 0x30, 0x69, 0x5a, 0x57, 0x35, 
0x68, 0x59, 0x6d, 0x78, 0x6c, 0x4c, 0x57, 0x4a, 0x68, 0x59, 0x32, 0x74, 0x6e, 0x63, 0x6d, 0x39, 0x31, 
0x62, 0x6d, 0x51, 0x36, 0x62, 0x6d, 0x56, 0x33, 0x49, 0x44, 0x41, 0x67, 0x4d, 0x43, 0x41, 0x79, 0x4e, 
0x6a, 0x59, 0x75, 0x4d, 0x79, 0x41, 0x7a, 0x4d, 0x54, 0x73, 0x69, 0x49, 0x48, 0x68, 0x74, 0x62, 0x44, 
0x70, 0x7a, 0x63, 0x47, 0x46, 0x6a, 0x5a, 0x54, 0x30, 0x69, 0x63, 0x48, 0x4a, 0x6c, 0x63, 0x32, 0x56, 
0x79, 0x64, 0x6d, 0x55, 0x69, 0x50, 0x67, 0x6f, 0x38, 0x63, 0x33, 0x52, 0x35, 0x62, 0x47, 0x55, 0x67, 
0x64, 0x48, 0x6c, 0x77, 0x5a, 0x54, 0x30, 0x69, 0x64, 0x47, 0x56, 0x34, 0x64, 0x43, 0x39, 0x6a, 0x63, 
0x33, 0x4d, 0x69, 0x50, 0x67, 0x6f, 0x4a, 0x4c, 0x6e, 0x4e, 0x30, 0x4d, 0x48, 0x74, 0x6d, 0x61, 0x57, 
0x78, 0x73, 0x4f, 0x69, 0x4d, 0x77, 0x4e, 0x6a, 0x55, 0x32, 0x51, 0x54, 0x55, 0x37, 0x66, 0x51, 0x6f, 
0x4a, 0x4c, 0x6e, 0x4e, 0x30, 0x4d, 0x58, 0x74, 0x6d, 0x61, 0x57, 0x78, 0x73, 0x4f, 0x69, 0x4d, 0x77, 
0x4e, 0x44, 0x55, 0x31, 0x51, 0x54, 0x51, 0x37, 0x66, 0x51, 0x6f, 0x4a, 0x4c, 0x6e, 0x4e, 0x30, 0x4d, 
0x6e, 0x74, 0x6d, 0x61, 0x57, 0x78, 0x73, 0x4f, 0x69, 0x4d, 0x77, 0x51, 0x6a, 0x55, 0x32, 0x51, 0x54, 
0x4d, 0x37, 0x66, 0x51, 0x6f, 0x38, 0x4c, 0x33, 0x4e, 0x30, 0x65, 0x57, 0x78, 0x6c, 0x50, 0x67, 0x6f, 
0x38, 0x5a, 0x7a, 0x34, 0x4b, 0x43, 0x54, 0x78, 0x77, 0x59, 0x58, 0x52, 0x6f, 0x49, 0x47, 0x4e, 0x73, 
0x59, 0x58, 0x4e, 0x7a, 0x50, 0x53, 0x4a, 0x7a, 0x64, 0x44, 0x41, 0x69, 0x49, 0x47, 0x51, 0x39, 0x49, 
0x6b, 0x30, 0x31, 0x4d, 0x79, 0x34, 0x35, 0x4c, 0x44, 0x45, 0x33, 0x4c, 0x6a, 0x68, 0x4d, 0x4e, 0x54, 
0x4d, 0x75, 0x4d, 0x53, 0x77, 0x79, 0x4d, 0x47, 0x67, 0x33, 0x4c, 0x6a, 0x52, 0x73, 0x4c, 0x54, 0x45, 
0x75, 0x4d, 0x53, 0x77, 0x7a, 0x4c, 0x6a, 0x52, 0x6f, 0x4c, 0x54, 0x45, 0x79, 0x62, 0x44, 0x51, 0x75, 
0x4e, 0x69, 0x30, 0x78, 0x4e, 0x47, 0x67, 0x78, 0x4d, 0x53, 0x34, 0x33, 0x62, 0x43, 0x30, 0x78, 0x4c, 
0x6a, 0x45, 0x73, 0x4d, 0x79, 0x34, 0x30, 0x61, 0x43, 0x30, 0x33, 0x4c, 0x6a, 0x46, 0x73, 0x4c, 0x54, 
0x41, 0x75, 0x4e, 0x69, 0x77, 0x78, 0x4c, 0x6a, 0x6c, 0x6f, 0x4e, 0x6d, 0x77, 0x74, 0x4d, 0x53, 0x34, 
0x78, 0x4c, 0x44, 0x4d, 0x75, 0x4d, 0x6b, 0x67, 0x31, 0x4d, 0x79, 0x34, 0x35, 0x65, 0x69, 0x42, 0x4e, 
0x4d, 0x7a, 0x49, 0x75, 0x4f, 0x43, 0x77, 0x79, 0x4d, 0x53, 0x34, 0x34, 0x62, 0x44, 0x51, 0x75, 0x4e, 
0x53, 0x77, 0x30, 0x4c, 0x6a, 0x55, 0x4b, 0x43, 0x51, 0x6c, 0x73, 0x4c, 0x54, 0x51, 0x75, 0x4e, 0x53, 
0x77, 0x30, 0x4c, 0x6a, 0x56, 0x73, 0x4c, 0x54, 0x51, 0x75, 0x4e, 0x53, 0x30, 0x30, 0x4c, 0x6a, 0x56, 
0x73, 0x4d, 0x43, 0x77, 0x77, 0x54, 0x44, 0x45, 0x33, 0x4c, 0x6a, 0x55, 0x73, 0x4d, 0x54, 0x55, 0x75, 
0x4e, 0x6d, 0x77, 0x77, 0x4c, 0x44, 0x42, 0x73, 0x4d, 0x43, 0x77, 0x77, 0x62, 0x44, 0x59, 0x75, 0x4d, 
0x69, 0x30, 0x32, 0x4c, 0x6a, 0x52, 0x73, 0x4c, 0x54, 0x4d, 0x75, 0x4e, 0x69, 0x30, 0x7a, 0x4c, 0x6a, 
0x56, 0x73, 0x4c, 0x54, 0x6b, 0x75, 0x4f, 0x43, 0x77, 0x78, 0x4d, 0x43, 0x34, 0x78, 0x62, 0x44, 0x6b, 
0x75, 0x4f, 0x53, 0x77, 0x35, 0x4c, 0x6a, 0x6c, 0x73, 0x4d, 0x79, 0x34, 0x33, 0x4c, 0x54, 0x4d, 0x75, 
0x4e, 0x32, 0x77, 0x30, 0x4c, 0x6a, 0x55, 0x73, 0x4e, 0x43, 0x34, 0x31, 0x54, 0x44, 0x49, 0x7a, 0x4c, 
0x6a, 0x6b, 0x73, 0x4d, 0x7a, 0x46, 0x73, 0x4c, 0x54, 0x51, 0x75, 0x4e, 0x43, 0x30, 0x30, 0x4c, 0x6a, 
0x52, 0x73, 0x4c, 0x54, 0x51, 0x75, 0x4d, 0x69, 0x77, 0x30, 0x4c, 0x6a, 0x4a, 0x73, 0x4c, 0x54, 0x51, 
0x75, 0x4e, 0x53, 0x30, 0x30, 0x4c, 0x6a, 0x55, 0x4b, 0x43, 0x51, 0x6c, 0x73, 0x4d, 0x43, 0x77, 0x77, 
0x54, 0x44, 0x41, 0x73, 0x4d, 0x54, 0x55, 0x75, 0x4e, 0x57, 0x77, 0x77, 0x4c, 0x44, 0x42, 0x73, 0x4d, 
0x43, 0x77, 0x77, 0x54, 0x44, 0x45, 0x77, 0x4c, 0x6a, 0x59, 0x73, 0x4e, 0x43, 0x34, 0x32, 0x62, 0x44, 
0x41, 0x73, 0x4d, 0x45, 0x77, 0x78, 0x4e, 0x53, 0x77, 0x77, 0x62, 0x44, 0x51, 0x75, 0x4e, 0x69, 0x77, 
0x30, 0x4c, 0x6a, 0x52, 0x73, 0x4e, 0x43, 0x34, 0x78, 0x4c, 0x54, 0x51, 0x75, 0x4d, 0x6d, 0x77, 0x30, 
0x4c, 0x6a, 0x55, 0x73, 0x4e, 0x43, 0x34, 0x30, 0x62, 0x44, 0x51, 0x75, 0x4e, 0x43, 0x30, 0x30, 0x4c, 
0x6a, 0x56, 0x73, 0x4e, 0x43, 0x34, 0x32, 0x4c, 0x44, 0x51, 0x75, 0x4e, 0x47, 0x77, 0x74, 0x4e, 0x43, 
0x34, 0x30, 0x4c, 0x44, 0x51, 0x75, 0x4e, 0x6d, 0x77, 0x74, 0x4d, 0x79, 0x34, 0x33, 0x4c, 0x54, 0x4d, 
0x75, 0x4e, 0x6d, 0x77, 0x74, 0x4f, 0x53, 0x34, 0x34, 0x4c, 0x44, 0x45, 0x77, 0x4c, 0x6a, 0x46, 0x73, 
0x4f, 0x53, 0x34, 0x35, 0x4c, 0x44, 0x6b, 0x75, 0x4f, 0x55, 0x77, 0x7a, 0x4d, 0x69, 0x34, 0x34, 0x4c, 
0x44, 0x49, 0x78, 0x4c, 0x6a, 0x68, 0x36, 0x43, 0x67, 0x6b, 0x4a, 0x49, 0x45, 0x30, 0x78, 0x4e, 0x53, 
0x34, 0x79, 0x4c, 0x44, 0x6c, 0x73, 0x4c, 0x54, 0x4d, 0x75, 0x4e, 0x79, 0x30, 0x7a, 0x4c, 0x6a, 0x5a, 
0x4d, 0x4d, 0x53, 0x34, 0x33, 0x4c, 0x44, 0x45, 0x31, 0x4c, 0x6a, 0x56, 0x73, 0x4f, 0x53, 0x34, 0x35, 
0x4c, 0x44, 0x6b, 0x75, 0x4f, 0x57, 0x77, 0x7a, 0x4c, 0x6a, 0x51, 0x74, 0x4d, 0x79, 0x34, 0x30, 0x62, 
0x43, 0x30, 0x32, 0x4c, 0x6a, 0x4d, 0x74, 0x4e, 0x69, 0x34, 0x7a, 0x62, 0x44, 0x41, 0x73, 0x4d, 0x47, 
0x77, 0x77, 0x4c, 0x44, 0x42, 0x4d, 0x4d, 0x54, 0x55, 0x75, 0x4d, 0x69, 0x77, 0x35, 0x65, 0x69, 0x42, 
0x4e, 0x4e, 0x7a, 0x41, 0x75, 0x4f, 0x43, 0x77, 0x35, 0x4c, 0x6a, 0x52, 0x6f, 0x4c, 0x54, 0x51, 0x75, 
0x4e, 0x57, 0x77, 0x74, 0x4e, 0x43, 0x34, 0x32, 0x4c, 0x44, 0x45, 0x30, 0x61, 0x44, 0x45, 0x78, 0x4c, 
0x6a, 0x46, 0x73, 0x4d, 0x53, 0x34, 0x79, 0x4c, 0x54, 0x4d, 0x75, 0x4e, 0x32, 0x67, 0x74, 0x4e, 0x69, 
0x34, 0x32, 0x54, 0x44, 0x63, 0x77, 0x4c, 0x6a, 0x67, 0x73, 0x4f, 0x53, 0x34, 0x30, 0x65, 0x67, 0x6f, 
0x4a, 0x43, 0x53, 0x42, 0x4e, 0x4e, 0x54, 0x41, 0x75, 0x4e, 0x43, 0x77, 0x35, 0x4c, 0x6a, 0x52, 0x49, 
0x4d, 0x7a, 0x59, 0x75, 0x4e, 0x32, 0x77, 0x74, 0x4d, 0x53, 0x34, 0x79, 0x4c, 0x44, 0x4d, 0x75, 0x4e, 
0x32, 0x67, 0x30, 0x4c, 0x6a, 0x5a, 0x73, 0x4c, 0x54, 0x4d, 0x75, 0x4e, 0x43, 0x77, 0x78, 0x4d, 0x43, 
0x34, 0x30, 0x61, 0x44, 0x51, 0x75, 0x4e, 0x57, 0x77, 0x7a, 0x4c, 0x6a, 0x51, 0x74, 0x4d, 0x54, 0x41, 
0x75, 0x4e, 0x47, 0x67, 0x30, 0x4c, 0x6a, 0x56, 0x4d, 0x4e, 0x54, 0x41, 0x75, 0x4e, 0x43, 0x77, 0x35, 
0x4c, 0x6a, 0x52, 0x36, 0x49, 0x45, 0x30, 0x78, 0x4d, 0x54, 0x63, 0x75, 0x4f, 0x43, 0x77, 0x35, 0x4c, 
0x6a, 0x52, 0x73, 0x4c, 0x54, 0x49, 0x75, 0x4d, 0x69, 0x77, 0x32, 0x4c, 0x6a, 0x5a, 0x6a, 0x4c, 0x54, 
0x41, 0x75, 0x4d, 0x69, 0x77, 0x77, 0x4c, 0x6a, 0x59, 0x74, 0x4d, 0x43, 0x34, 0x7a, 0x4c, 0x44, 0x45, 
0x75, 0x4d, 0x69, 0x30, 0x77, 0x4c, 0x6a, 0x51, 0x73, 0x4d, 0x53, 0x34, 0x33, 0x62, 0x44, 0x41, 0x73, 
0x4d, 0x43, 0x34, 0x79, 0x62, 0x43, 0x30, 0x77, 0x4c, 0x6a, 0x49, 0x74, 0x4d, 0x53, 0x34, 0x78, 0x43, 
0x67, 0x6b, 0x4a, 0x59, 0x7a, 0x41, 0x74, 0x4d, 0x43, 0x34, 0x79, 0x4c, 0x44, 0x41, 0x74, 0x4d, 0x43, 
0x34, 0x7a, 0x4c, 0x44, 0x41, 0x74, 0x4d, 0x43, 0x34, 0x31, 0x59, 0x7a, 0x41, 0x74, 0x4d, 0x43, 0x34, 
0x79, 0x4c, 0x44, 0x41, 0x74, 0x4d, 0x43, 0x34, 0x7a, 0x4c, 0x54, 0x41, 0x75, 0x4d, 0x53, 0x30, 0x77, 
0x4c, 0x6a, 0x52, 0x73, 0x4c, 0x54, 0x49, 0x74, 0x4e, 0x69, 0x34, 0x31, 0x61, 0x43, 0x30, 0x30, 0x4c, 
0x6a, 0x4e, 0x73, 0x4c, 0x54, 0x51, 0x75, 0x4e, 0x69, 0x77, 0x78, 0x4e, 0x47, 0x67, 0x30, 0x4c, 0x6a, 
0x4e, 0x73, 0x4d, 0x69, 0x34, 0x78, 0x4c, 0x54, 0x59, 0x75, 0x4e, 0x6d, 0x4d, 0x77, 0x4c, 0x6a, 0x49, 
0x74, 0x4d, 0x43, 0x34, 0x32, 0x4c, 0x44, 0x41, 0x75, 0x4d, 0x79, 0x30, 0x78, 0x4c, 0x6a, 0x49, 0x73, 
0x4d, 0x43, 0x34, 0x30, 0x4c, 0x54, 0x45, 0x75, 0x4e, 0x32, 0x77, 0x77, 0x4c, 0x54, 0x41, 0x75, 0x4d, 
0x6d, 0x4d, 0x77, 0x4c, 0x6a, 0x45, 0x73, 0x4d, 0x43, 0x34, 0x7a, 0x4c, 0x44, 0x41, 0x75, 0x4d, 0x53, 
0x77, 0x77, 0x4c, 0x6a, 0x55, 0x73, 0x4d, 0x43, 0x34, 0x79, 0x4c, 0x44, 0x41, 0x75, 0x4f, 0x41, 0x6f, 
0x4a, 0x43, 0x57, 0x4d, 0x77, 0x4c, 0x6a, 0x45, 0x73, 0x4d, 0x43, 0x34, 0x34, 0x4c, 0x44, 0x41, 0x75, 
0x4d, 0x69, 0x77, 0x78, 0x4c, 0x6a, 0x49, 0x73, 0x4d, 0x43, 0x34, 0x79, 0x4c, 0x44, 0x45, 0x75, 0x4d, 
0x6d, 0x77, 0x79, 0x4c, 0x44, 0x59, 0x75, 0x4e, 0x57, 0x67, 0x30, 0x4c, 0x6a, 0x4e, 0x73, 0x4e, 0x43, 
0x34, 0x32, 0x4c, 0x54, 0x45, 0x30, 0x53, 0x44, 0x45, 0x78, 0x4e, 0x79, 0x34, 0x34, 0x65, 0x69, 0x42, 
0x4e, 0x4d, 0x54, 0x55, 0x7a, 0x4c, 0x6a, 0x59, 0x73, 0x4d, 0x6a, 0x4d, 0x75, 0x4e, 0x47, 0x77, 0x77, 
0x4c, 0x54, 0x45, 0x75, 0x4f, 0x57, 0x67, 0x74, 0x4e, 0x53, 0x34, 0x7a, 0x62, 0x43, 0x30, 0x78, 0x4c, 
0x6a, 0x49, 0x73, 0x4d, 0x53, 0x34, 0x35, 0x61, 0x43, 0x30, 0x7a, 0x4c, 0x6a, 0x64, 0x73, 0x4c, 0x54, 
0x41, 0x75, 0x4d, 0x79, 0x30, 0x77, 0x4c, 0x6a, 0x64, 0x73, 0x4f, 0x53, 0x34, 0x31, 0x4c, 0x54, 0x45, 
0x7a, 0x4c, 0x6a, 0x52, 0x6f, 0x4e, 0x43, 0x34, 0x32, 0x62, 0x44, 0x41, 0x75, 0x4f, 0x43, 0x77, 0x78, 
0x4e, 0x45, 0x67, 0x78, 0x4e, 0x54, 0x4d, 0x75, 0x4e, 0x6e, 0x6f, 0x4b, 0x43, 0x51, 0x6b, 0x67, 0x54, 
0x54, 0x45, 0x31, 0x4d, 0x79, 0x34, 0x33, 0x4c, 0x44, 0x45, 0x34, 0x4c, 0x6a, 0x5a, 0x73, 0x4c, 0x54, 
0x41, 0x75, 0x4d, 0x53, 0x30, 0x30, 0x4c, 0x6a, 0x6c, 0x73, 0x4c, 0x54, 0x4d, 0x75, 0x4d, 0x79, 0x77, 
0x30, 0x4c, 0x6a, 0x6c, 0x49, 0x4d, 0x54, 0x55, 0x7a, 0x4c, 0x6a, 0x64, 0x36, 0x49, 0x45, 0x30, 0x78, 
0x4e, 0x44, 0x63, 0x75, 0x4d, 0x79, 0x77, 0x35, 0x4c, 0x6a, 0x52, 0x6f, 0x4c, 0x54, 0x55, 0x75, 0x4e, 
0x57, 0x77, 0x74, 0x4e, 0x69, 0x34, 0x7a, 0x4c, 0x44, 0x51, 0x75, 0x4e, 0x6d, 0x77, 0x78, 0x4c, 0x6a, 
0x55, 0x74, 0x4e, 0x43, 0x34, 0x32, 0x61, 0x43, 0x30, 0x30, 0x4c, 0x6a, 0x56, 0x73, 0x4c, 0x54, 0x51, 
0x75, 0x4e, 0x69, 0x77, 0x78, 0x4e, 0x47, 0x67, 0x30, 0x4c, 0x6a, 0x56, 0x73, 0x4d, 0x53, 0x34, 0x31, 
0x4c, 0x54, 0x51, 0x75, 0x4e, 0x57, 0x77, 0x78, 0x4c, 0x6a, 0x6b, 0x74, 0x4d, 0x53, 0x34, 0x79, 0x62, 
0x44, 0x49, 0x75, 0x4d, 0x53, 0x77, 0x31, 0x4c, 0x6a, 0x5a, 0x6f, 0x4e, 0x43, 0x34, 0x34, 0x62, 0x44, 
0x41, 0x75, 0x4e, 0x53, 0x30, 0x77, 0x4c, 0x6a, 0x63, 0x4b, 0x43, 0x51, 0x6c, 0x73, 0x4c, 0x54, 0x4d, 
0x75, 0x4d, 0x53, 0x30, 0x34, 0x4c, 0x6a, 0x4a, 0x4d, 0x4d, 0x54, 0x51, 0x33, 0x4c, 0x6a, 0x4d, 0x73, 
0x4f, 0x53, 0x34, 0x30, 0x65, 0x69, 0x42, 0x4e, 0x4d, 0x54, 0x41, 0x30, 0x4c, 0x6a, 0x4d, 0x73, 0x4d, 
0x54, 0x55, 0x75, 0x4e, 0x6d, 0x4d, 0x74, 0x4d, 0x43, 0x34, 0x78, 0x4c, 0x44, 0x41, 0x75, 0x4d, 0x69, 
0x30, 0x77, 0x4c, 0x6a, 0x45, 0x73, 0x4d, 0x43, 0x34, 0x31, 0x4c, 0x54, 0x41, 0x75, 0x4d, 0x79, 0x77, 
0x77, 0x4c, 0x6a, 0x68, 0x6a, 0x4c, 0x54, 0x41, 0x75, 0x4f, 0x43, 0x77, 0x79, 0x4c, 0x6a, 0x4d, 0x74, 
0x4d, 0x69, 0x77, 0x30, 0x4c, 0x6a, 0x45, 0x74, 0x4d, 0x79, 0x34, 0x34, 0x4c, 0x44, 0x55, 0x75, 0x4e, 
0x47, 0x4d, 0x74, 0x4d, 0x53, 0x34, 0x33, 0x4c, 0x44, 0x45, 0x75, 0x4d, 0x79, 0x30, 0x7a, 0x4c, 0x6a, 
0x67, 0x73, 0x4d, 0x69, 0x30, 0x32, 0x4c, 0x6a, 0x45, 0x73, 0x4d, 0x6d, 0x4d, 0x74, 0x4d, 0x69, 0x77, 
0x77, 0x4c, 0x54, 0x4d, 0x75, 0x4e, 0x43, 0x30, 0x77, 0x4c, 0x6a, 0x55, 0x74, 0x4e, 0x43, 0x34, 0x30, 
0x4c, 0x54, 0x45, 0x75, 0x4e, 0x51, 0x6f, 0x4a, 0x43, 0x57, 0x4d, 0x74, 0x4d, 0x53, 0x30, 0x78, 0x4c, 
0x54, 0x45, 0x75, 0x4d, 0x79, 0x30, 0x79, 0x4c, 0x6a, 0x51, 0x74, 0x4d, 0x53, 0x30, 0x30, 0x4c, 0x6a, 
0x4a, 0x6a, 0x4d, 0x43, 0x34, 0x78, 0x4c, 0x54, 0x41, 0x75, 0x4e, 0x53, 0x77, 0x77, 0x4c, 0x6a, 0x49, 
0x74, 0x4d, 0x53, 0x77, 0x77, 0x4c, 0x6a, 0x51, 0x74, 0x4d, 0x53, 0x34, 0x32, 0x59, 0x7a, 0x41, 0x75, 
0x4e, 0x79, 0x30, 0x79, 0x4c, 0x6a, 0x49, 0x73, 0x4d, 0x69, 0x30, 0x30, 0x4c, 0x44, 0x4d, 0x75, 0x4f, 
0x43, 0x30, 0x31, 0x4c, 0x6a, 0x52, 0x6a, 0x4d, 0x53, 0x34, 0x34, 0x4c, 0x54, 0x45, 0x75, 0x4d, 0x79, 
0x77, 0x7a, 0x4c, 0x6a, 0x67, 0x74, 0x4d, 0x69, 0x77, 0x32, 0x4c, 0x6a, 0x45, 0x74, 0x4d, 0x6d, 0x4d, 
0x79, 0x4c, 0x44, 0x41, 0x73, 0x4d, 0x79, 0x34, 0x30, 0x4c, 0x44, 0x41, 0x75, 0x4e, 0x53, 0x77, 0x30, 
0x4c, 0x6a, 0x51, 0x73, 0x4d, 0x53, 0x34, 0x31, 0x59, 0x7a, 0x45, 0x73, 0x4d, 0x53, 0x77, 0x78, 0x4c, 
0x6a, 0x4d, 0x73, 0x4d, 0x69, 0x34, 0x30, 0x4c, 0x44, 0x45, 0x73, 0x4e, 0x43, 0x34, 0x79, 0x43, 0x67, 
0x6b, 0x4a, 0x51, 0x7a, 0x45, 0x77, 0x4e, 0x43, 0x34, 0x30, 0x4c, 0x44, 0x45, 0x31, 0x4c, 0x6a, 0x45, 
0x73, 0x4d, 0x54, 0x41, 0x30, 0x4c, 0x6a, 0x51, 0x73, 0x4d, 0x54, 0x55, 0x75, 0x4e, 0x43, 0x77, 0x78, 
0x4d, 0x44, 0x51, 0x75, 0x4d, 0x79, 0x77, 0x78, 0x4e, 0x53, 0x34, 0x32, 0x49, 0x45, 0x30, 0x35, 0x4f, 
0x53, 0x34, 0x35, 0x4c, 0x44, 0x45, 0x31, 0x4c, 0x6a, 0x46, 0x6a, 0x4d, 0x43, 0x34, 0x78, 0x4c, 0x54, 
0x41, 0x75, 0x4f, 0x43, 0x77, 0x77, 0x4c, 0x6a, 0x45, 0x74, 0x4d, 0x53, 0x34, 0x30, 0x4c, 0x54, 0x41, 
0x75, 0x4d, 0x69, 0x30, 0x78, 0x4c, 0x6a, 0x68, 0x6a, 0x4c, 0x54, 0x41, 0x75, 0x4d, 0x79, 0x30, 0x77, 
0x4c, 0x6a, 0x55, 0x74, 0x4d, 0x43, 0x34, 0x35, 0x4c, 0x54, 0x41, 0x75, 0x4e, 0x79, 0x30, 0x78, 0x4c, 
0x6a, 0x63, 0x74, 0x4d, 0x43, 0x34, 0x33, 0x59, 0x79, 0x30, 0x78, 0x4c, 0x6a, 0x45, 0x73, 0x4d, 0x43, 
0x30, 0x79, 0x4c, 0x44, 0x41, 0x75, 0x4e, 0x43, 0x30, 0x79, 0x4c, 0x6a, 0x63, 0x73, 0x4d, 0x53, 0x34, 
0x79, 0x43, 0x67, 0x6b, 0x4a, 0x59, 0x79, 0x30, 0x77, 0x4c, 0x6a, 0x59, 0x73, 0x4d, 0x43, 0x34, 0x32, 
0x4c, 0x54, 0x45, 0x73, 0x4d, 0x53, 0x34, 0x31, 0x4c, 0x54, 0x45, 0x75, 0x4e, 0x43, 0x77, 0x79, 0x4c, 
0x6a, 0x64, 0x6a, 0x4c, 0x54, 0x41, 0x75, 0x4d, 0x53, 0x77, 0x77, 0x4c, 0x6a, 0x49, 0x74, 0x4d, 0x43, 
0x34, 0x78, 0x4c, 0x44, 0x41, 0x75, 0x4e, 0x43, 0x30, 0x77, 0x4c, 0x6a, 0x49, 0x73, 0x4d, 0x43, 0x34, 
0x33, 0x59, 0x79, 0x30, 0x77, 0x4c, 0x6a, 0x45, 0x73, 0x4d, 0x43, 0x34, 0x79, 0x4c, 0x54, 0x41, 0x75, 
0x4d, 0x53, 0x77, 0x77, 0x4c, 0x6a, 0x55, 0x74, 0x4d, 0x43, 0x34, 0x78, 0x4c, 0x44, 0x41, 0x75, 0x4e, 
0x32, 0x4d, 0x74, 0x4d, 0x43, 0x34, 0x78, 0x4c, 0x44, 0x41, 0x75, 0x4f, 0x43, 0x30, 0x77, 0x4c, 0x6a, 
0x45, 0x73, 0x4d, 0x53, 0x34, 0x30, 0x4c, 0x44, 0x41, 0x75, 0x4d, 0x69, 0x77, 0x78, 0x4c, 0x6a, 0x68, 
0x6a, 0x4d, 0x43, 0x34, 0x7a, 0x4c, 0x44, 0x41, 0x75, 0x4e, 0x53, 0x77, 0x77, 0x4c, 0x6a, 0x6b, 0x73, 
0x4d, 0x43, 0x34, 0x33, 0x4c, 0x44, 0x45, 0x75, 0x4e, 0x79, 0x77, 0x77, 0x4c, 0x6a, 0x63, 0x4b, 0x43, 
0x51, 0x6c, 0x6a, 0x4d, 0x53, 0x34, 0x78, 0x4c, 0x44, 0x41, 0x73, 0x4d, 0x53, 0x34, 0x35, 0x4c, 0x54, 
0x41, 0x75, 0x4e, 0x43, 0x77, 0x79, 0x4c, 0x6a, 0x63, 0x74, 0x4d, 0x53, 0x34, 0x79, 0x59, 0x7a, 0x41, 
0x75, 0x4e, 0x69, 0x30, 0x77, 0x4c, 0x6a, 0x59, 0x73, 0x4d, 0x53, 0x34, 0x78, 0x4c, 0x54, 0x45, 0x75, 
0x4e, 0x53, 0x77, 0x78, 0x4c, 0x6a, 0x55, 0x74, 0x4d, 0x69, 0x34, 0x33, 0x51, 0x7a, 0x6b, 0x35, 0x4c, 
0x6a, 0x63, 0x73, 0x4d, 0x54, 0x55, 0x75, 0x4f, 0x53, 0x77, 0x35, 0x4f, 0x53, 0x34, 0x34, 0x4c, 0x44, 
0x45, 0x31, 0x4c, 0x6a, 0x51, 0x73, 0x4f, 0x54, 0x6b, 0x75, 0x4f, 0x53, 0x77, 0x78, 0x4e, 0x53, 0x34, 
0x78, 0x49, 0x45, 0x30, 0x78, 0x4d, 0x6a, 0x55, 0x73, 0x4f, 0x53, 0x34, 0x30, 0x62, 0x43, 0x30, 0x30, 
0x4c, 0x6a, 0x59, 0x73, 0x4d, 0x54, 0x52, 0x6f, 0x4e, 0x43, 0x34, 0x32, 0x62, 0x44, 0x51, 0x75, 0x4e, 
0x69, 0x30, 0x78, 0x4e, 0x45, 0x67, 0x78, 0x4d, 0x6a, 0x56, 0x36, 0x49, 0x45, 0x30, 0x35, 0x4d, 0x43, 
0x34, 0x31, 0x4c, 0x44, 0x6b, 0x75, 0x4e, 0x45, 0x67, 0x33, 0x4e, 0x69, 0x34, 0x35, 0x43, 0x67, 0x6b, 
0x4a, 0x62, 0x43, 0x30, 0x78, 0x4c, 0x6a, 0x49, 0x73, 0x4d, 0x79, 0x34, 0x33, 0x61, 0x44, 0x51, 0x75, 
0x4e, 0x6d, 0x77, 0x74, 0x4d, 0x79, 0x34, 0x30, 0x4c, 0x44, 0x45, 0x77, 0x4c, 0x6a, 0x52, 0x6f, 0x4e, 
0x43, 0x34, 0x31, 0x62, 0x44, 0x4d, 0x75, 0x4e, 0x43, 0x30, 0x78, 0x4d, 0x43, 0x34, 0x30, 0x61, 0x44, 
0x51, 0x75, 0x4e, 0x55, 0x77, 0x35, 0x4d, 0x43, 0x34, 0x31, 0x4c, 0x44, 0x6b, 0x75, 0x4e, 0x48, 0x6f, 
0x69, 0x4c, 0x7a, 0x34, 0x4b, 0x43, 0x54, 0x78, 0x79, 0x5a, 0x57, 0x4e, 0x30, 0x49, 0x48, 0x67, 0x39, 
0x49, 0x6a, 0x45, 0x32, 0x4f, 0x53, 0x34, 0x32, 0x49, 0x69, 0x42, 0x35, 0x50, 0x53, 0x49, 0x35, 0x4c, 
0x6a, 0x4d, 0x69, 0x49, 0x47, 0x4e, 0x73, 0x59, 0x58, 0x4e, 0x7a, 0x50, 0x53, 0x4a, 0x7a, 0x64, 0x44, 
0x45, 0x69, 0x49, 0x48, 0x64, 0x70, 0x5a, 0x48, 0x52, 0x6f, 0x50, 0x53, 0x49, 0x78, 0x4c, 0x6a, 0x55, 
0x69, 0x49, 0x47, 0x68, 0x6c, 0x61, 0x57, 0x64, 0x6f, 0x64, 0x44, 0x30, 0x69, 0x4d, 0x54, 0x51, 0x75, 
0x4d, 0x53, 0x49, 0x76, 0x50, 0x67, 0x6f, 0x4a, 0x50, 0x47, 0x63, 0x2b, 0x43, 0x67, 0x6b, 0x4a, 0x50, 
0x48, 0x42, 0x68, 0x64, 0x47, 0x67, 0x67, 0x59, 0x32, 0x78, 0x68, 0x63, 0x33, 0x4d, 0x39, 0x49, 0x6e, 
0x4e, 0x30, 0x4d, 0x69, 0x49, 0x67, 0x5a, 0x44, 0x30, 0x69, 0x54, 0x54, 0x45, 0x34, 0x4d, 0x53, 0x34, 
0x79, 0x4c, 0x44, 0x49, 0x7a, 0x4c, 0x6a, 0x52, 0x57, 0x4f, 0x53, 0x34, 0x31, 0x61, 0x44, 0x49, 0x75, 
0x4e, 0x32, 0x77, 0x31, 0x4c, 0x6a, 0x63, 0x73, 0x4f, 0x53, 0x34, 0x7a, 0x56, 0x6a, 0x6b, 0x75, 0x4e, 
0x57, 0x67, 0x79, 0x4c, 0x6a, 0x5a, 0x32, 0x4d, 0x54, 0x4d, 0x75, 0x4f, 0x57, 0x67, 0x74, 0x4d, 0x69, 
0x34, 0x34, 0x62, 0x43, 0x30, 0x31, 0x4c, 0x6a, 0x59, 0x74, 0x4f, 0x53, 0x34, 0x78, 0x64, 0x6a, 0x6b, 
0x75, 0x4d, 0x55, 0x67, 0x78, 0x4f, 0x44, 0x45, 0x75, 0x4d, 0x6e, 0x6f, 0x69, 0x4c, 0x7a, 0x34, 0x4b, 
0x43, 0x51, 0x6b, 0x38, 0x63, 0x47, 0x46, 0x30, 0x61, 0x43, 0x42, 0x6a, 0x62, 0x47, 0x46, 0x7a, 0x63, 
0x7a, 0x30, 0x69, 0x63, 0x33, 0x51, 0x79, 0x49, 0x69, 0x42, 0x6b, 0x50, 0x53, 0x4a, 0x4e, 0x4d, 0x6a, 
0x41, 0x78, 0x4c, 0x44, 0x49, 0x77, 0x4c, 0x6a, 0x4a, 0x73, 0x4d, 0x69, 0x34, 0x33, 0x4c, 0x44, 0x41, 
0x75, 0x4e, 0x57, 0x4d, 0x74, 0x4d, 0x43, 0x34, 0x7a, 0x4c, 0x44, 0x41, 0x75, 0x4f, 0x53, 0x30, 0x77, 
0x4c, 0x6a, 0x6b, 0x73, 0x4d, 0x53, 0x34, 0x33, 0x4c, 0x54, 0x45, 0x75, 0x4e, 0x69, 0x77, 0x79, 0x4c, 
0x6a, 0x4a, 0x6a, 0x4c, 0x54, 0x41, 0x75, 0x4f, 0x43, 0x77, 0x77, 0x4c, 0x6a, 0x55, 0x74, 0x4d, 0x53, 
0x34, 0x34, 0x4c, 0x44, 0x41, 0x75, 0x4f, 0x43, 0x30, 0x79, 0x4c, 0x6a, 0x67, 0x73, 0x4d, 0x43, 0x34, 
0x34, 0x59, 0x79, 0x30, 0x78, 0x4c, 0x6a, 0x55, 0x73, 0x4d, 0x43, 0x34, 0x78, 0x4c, 0x54, 0x4d, 0x74, 
0x4d, 0x43, 0x34, 0x31, 0x4c, 0x54, 0x4d, 0x75, 0x4f, 0x53, 0x30, 0x78, 0x4c, 0x6a, 0x63, 0x4b, 0x43, 
0x51, 0x6b, 0x4a, 0x59, 0x79, 0x30, 0x77, 0x4c, 0x6a, 0x63, 0x74, 0x4d, 0x53, 0x30, 0x78, 0x4c, 0x6a, 
0x45, 0x74, 0x4d, 0x69, 0x34, 0x79, 0x4c, 0x54, 0x45, 0x74, 0x4d, 0x79, 0x34, 0x31, 0x59, 0x79, 0x30, 
0x77, 0x4c, 0x6a, 0x45, 0x74, 0x4d, 0x53, 0x34, 0x30, 0x4c, 0x44, 0x41, 0x75, 0x4e, 0x43, 0x30, 0x79, 
0x4c, 0x6a, 0x67, 0x73, 0x4d, 0x53, 0x34, 0x7a, 0x4c, 0x54, 0x4d, 0x75, 0x4f, 0x57, 0x4d, 0x77, 0x4c, 
0x6a, 0x67, 0x74, 0x4d, 0x43, 0x34, 0x35, 0x4c, 0x44, 0x49, 0x75, 0x4d, 0x53, 0x30, 0x78, 0x4c, 0x6a, 
0x55, 0x73, 0x4d, 0x79, 0x34, 0x7a, 0x4c, 0x54, 0x45, 0x75, 0x4e, 0x47, 0x4d, 0x78, 0x4c, 0x6a, 0x4d, 
0x74, 0x4d, 0x43, 0x34, 0x78, 0x4c, 0x44, 0x49, 0x75, 0x4e, 0x79, 0x77, 0x77, 0x4c, 0x6a, 0x55, 0x73, 
0x4d, 0x79, 0x34, 0x31, 0x4c, 0x44, 0x45, 0x75, 0x4e, 0x57, 0x4d, 0x78, 0x4c, 0x44, 0x45, 0x75, 0x4d, 
0x79, 0x77, 0x78, 0x4c, 0x6a, 0x51, 0x73, 0x4d, 0x69, 0x34, 0x35, 0x4c, 0x44, 0x45, 0x75, 0x4d, 0x69, 
0x77, 0x30, 0x4c, 0x6a, 0x5a, 0x6f, 0x4c, 0x54, 0x59, 0x75, 0x4e, 0x67, 0x6f, 0x4a, 0x43, 0x51, 0x6c, 
0x6a, 0x4d, 0x43, 0x77, 0x77, 0x4c, 0x6a, 0x63, 0x73, 0x4d, 0x43, 0x34, 0x79, 0x4c, 0x44, 0x45, 0x75, 
0x4d, 0x79, 0x77, 0x77, 0x4c, 0x6a, 0x59, 0x73, 0x4d, 0x53, 0x34, 0x34, 0x59, 0x7a, 0x41, 0x75, 0x4e, 
0x43, 0x77, 0x77, 0x4c, 0x6a, 0x51, 0x73, 0x4d, 0x53, 0x77, 0x77, 0x4c, 0x6a, 0x63, 0x73, 0x4d, 0x53, 
0x34, 0x31, 0x4c, 0x44, 0x41, 0x75, 0x4e, 0x32, 0x4d, 0x77, 0x4c, 0x6a, 0x51, 0x73, 0x4d, 0x43, 0x77, 
0x77, 0x4c, 0x6a, 0x63, 0x74, 0x4d, 0x43, 0x34, 0x78, 0x4c, 0x44, 0x45, 0x74, 0x4d, 0x43, 0x34, 0x7a, 
0x51, 0x7a, 0x49, 0x77, 0x4d, 0x43, 0x34, 0x33, 0x4c, 0x44, 0x49, 0x78, 0x4c, 0x44, 0x49, 0x77, 0x4d, 
0x43, 0x34, 0x35, 0x4c, 0x44, 0x49, 0x77, 0x4c, 0x6a, 0x59, 0x73, 0x4d, 0x6a, 0x41, 0x78, 0x4c, 0x44, 
0x49, 0x77, 0x4c, 0x6a, 0x4a, 0x36, 0x49, 0x45, 0x30, 0x79, 0x4d, 0x44, 0x45, 0x75, 0x4d, 0x69, 0x77, 
0x78, 0x4e, 0x79, 0x34, 0x31, 0x43, 0x67, 0x6b, 0x4a, 0x43, 0x57, 0x4d, 0x77, 0x4c, 0x54, 0x41, 0x75, 
0x4e, 0x69, 0x30, 0x77, 0x4c, 0x6a, 0x49, 0x74, 0x4d, 0x53, 0x34, 0x7a, 0x4c, 0x54, 0x41, 0x75, 0x4e, 
0x69, 0x30, 0x78, 0x4c, 0x6a, 0x68, 0x6a, 0x4c, 0x54, 0x41, 0x75, 0x4e, 0x79, 0x30, 0x77, 0x4c, 0x6a, 
0x67, 0x74, 0x4d, 0x53, 0x34, 0x35, 0x4c, 0x54, 0x41, 0x75, 0x4f, 0x43, 0x30, 0x79, 0x4c, 0x6a, 0x63, 
0x74, 0x4d, 0x43, 0x34, 0x78, 0x59, 0x7a, 0x41, 0x73, 0x4d, 0x43, 0x30, 0x77, 0x4c, 0x6a, 0x45, 0x73, 
0x4d, 0x43, 0x34, 0x78, 0x4c, 0x54, 0x41, 0x75, 0x4d, 0x53, 0x77, 0x77, 0x4c, 0x6a, 0x46, 0x6a, 0x4c, 
0x54, 0x41, 0x75, 0x4e, 0x43, 0x77, 0x77, 0x4c, 0x6a, 0x55, 0x74, 0x4d, 0x43, 0x34, 0x32, 0x4c, 0x44, 
0x45, 0x75, 0x4d, 0x53, 0x30, 0x77, 0x4c, 0x6a, 0x59, 0x73, 0x4d, 0x53, 0x34, 0x34, 0x53, 0x44, 0x49, 
0x77, 0x4d, 0x53, 0x34, 0x79, 0x65, 0x69, 0x49, 0x76, 0x50, 0x67, 0x6f, 0x4a, 0x43, 0x54, 0x78, 0x77, 
0x59, 0x58, 0x52, 0x6f, 0x49, 0x47, 0x4e, 0x73, 0x59, 0x58, 0x4e, 0x7a, 0x50, 0x53, 0x4a, 0x7a, 0x64, 
0x44, 0x49, 0x69, 0x49, 0x47, 0x51, 0x39, 0x49, 0x6b, 0x30, 0x79, 0x4d, 0x54, 0x41, 0x75, 0x4e, 0x69, 
0x77, 0x78, 0x4d, 0x79, 0x34, 0x7a, 0x64, 0x6a, 0x49, 0x75, 0x4d, 0x57, 0x67, 0x74, 0x4d, 0x53, 0x34, 
0x34, 0x64, 0x6a, 0x51, 0x75, 0x4d, 0x57, 0x4d, 0x77, 0x4c, 0x44, 0x41, 0x75, 0x4e, 0x53, 0x77, 0x77, 
0x4c, 0x44, 0x45, 0x73, 0x4d, 0x43, 0x34, 0x78, 0x4c, 0x44, 0x45, 0x75, 0x4e, 0x47, 0x4d, 0x77, 0x4c, 
0x44, 0x41, 0x75, 0x4d, 0x53, 0x77, 0x77, 0x4c, 0x6a, 0x45, 0x73, 0x4d, 0x43, 0x34, 0x7a, 0x4c, 0x44, 
0x41, 0x75, 0x4d, 0x69, 0x77, 0x77, 0x4c, 0x6a, 0x4e, 0x6a, 0x4d, 0x43, 0x34, 0x78, 0x4c, 0x44, 0x41, 
0x75, 0x4d, 0x53, 0x77, 0x77, 0x4c, 0x6a, 0x4d, 0x73, 0x4d, 0x43, 0x34, 0x79, 0x4c, 0x44, 0x41, 0x75, 
0x4e, 0x53, 0x77, 0x77, 0x4c, 0x6a, 0x49, 0x4b, 0x43, 0x51, 0x6b, 0x4a, 0x59, 0x7a, 0x41, 0x75, 0x4e, 
0x43, 0x77, 0x77, 0x4c, 0x44, 0x41, 0x75, 0x4e, 0x79, 0x30, 0x77, 0x4c, 0x6a, 0x45, 0x73, 0x4d, 0x53, 
0x30, 0x77, 0x4c, 0x6a, 0x4e, 0x73, 0x4d, 0x43, 0x34, 0x79, 0x4c, 0x44, 0x49, 0x75, 0x4d, 0x57, 0x4d, 
0x74, 0x4d, 0x43, 0x34, 0x33, 0x4c, 0x44, 0x41, 0x75, 0x4d, 0x79, 0x30, 0x78, 0x4c, 0x6a, 0x51, 0x73, 
0x4d, 0x43, 0x34, 0x30, 0x4c, 0x54, 0x49, 0x75, 0x4d, 0x53, 0x77, 0x77, 0x4c, 0x6a, 0x52, 0x6a, 0x4c, 
0x54, 0x41, 0x75, 0x4e, 0x43, 0x77, 0x77, 0x4c, 0x54, 0x41, 0x75, 0x4f, 0x53, 0x30, 0x77, 0x4c, 0x6a, 
0x45, 0x74, 0x4d, 0x53, 0x34, 0x7a, 0x4c, 0x54, 0x41, 0x75, 0x4d, 0x6d, 0x4d, 0x74, 0x4d, 0x43, 0x34, 
0x7a, 0x4c, 0x54, 0x41, 0x75, 0x4d, 0x53, 0x30, 0x77, 0x4c, 0x6a, 0x59, 0x74, 0x4d, 0x43, 0x34, 0x7a, 
0x4c, 0x54, 0x41, 0x75, 0x4f, 0x43, 0x30, 0x77, 0x4c, 0x6a, 0x5a, 0x6a, 0x4c, 0x54, 0x41, 0x75, 0x4d, 
0x69, 0x30, 0x77, 0x4c, 0x6a, 0x4d, 0x74, 0x4d, 0x43, 0x34, 0x7a, 0x4c, 0x54, 0x41, 0x75, 0x4e, 0x79, 
0x30, 0x77, 0x4c, 0x6a, 0x51, 0x74, 0x4d, 0x51, 0x6f, 0x4a, 0x43, 0x51, 0x6c, 0x6a, 0x4c, 0x54, 0x41, 
0x75, 0x4d, 0x53, 0x30, 0x77, 0x4c, 0x6a, 0x59, 0x74, 0x4d, 0x43, 0x34, 0x78, 0x4c, 0x54, 0x45, 0x75, 
0x4d, 0x79, 0x30, 0x77, 0x4c, 0x6a, 0x45, 0x74, 0x4d, 0x53, 0x34, 0x35, 0x64, 0x69, 0x30, 0x30, 0x4c, 
0x6a, 0x52, 0x6f, 0x4c, 0x54, 0x45, 0x75, 0x4d, 0x33, 0x59, 0x74, 0x4d, 0x69, 0x34, 0x78, 0x61, 0x44, 
0x45, 0x75, 0x4d, 0x6e, 0x59, 0x74, 0x4d, 0x6d, 0x77, 0x79, 0x4c, 0x6a, 0x63, 0x74, 0x4d, 0x53, 0x34, 
0x31, 0x64, 0x6a, 0x4d, 0x75, 0x4e, 0x55, 0x67, 0x79, 0x4d, 0x54, 0x41, 0x75, 0x4e, 0x6e, 0x6f, 0x69, 
0x4c, 0x7a, 0x34, 0x4b, 0x43, 0x51, 0x6b, 0x38, 0x63, 0x47, 0x46, 0x30, 0x61, 0x43, 0x42, 0x6a, 0x62, 
0x47, 0x46, 0x7a, 0x63, 0x7a, 0x30, 0x69, 0x63, 0x33, 0x51, 0x79, 0x49, 0x69, 0x42, 0x6b, 0x50, 0x53, 
0x4a, 0x4e, 0x4d, 0x6a, 0x45, 0x30, 0x4c, 0x6a, 0x4d, 0x73, 0x4d, 0x6a, 0x4d, 0x75, 0x4e, 0x47, 0x77, 
0x74, 0x4d, 0x79, 0x34, 0x79, 0x4c, 0x54, 0x45, 0x77, 0x4c, 0x6a, 0x46, 0x6f, 0x4d, 0x69, 0x34, 0x32, 
0x62, 0x44, 0x45, 0x75, 0x4f, 0x53, 0x77, 0x32, 0x4c, 0x6a, 0x5a, 0x73, 0x4d, 0x53, 0x34, 0x33, 0x4c, 
0x54, 0x59, 0x75, 0x4e, 0x6d, 0x67, 0x79, 0x4c, 0x6a, 0x5a, 0x73, 0x4d, 0x53, 0x34, 0x33, 0x4c, 0x44, 
0x59, 0x75, 0x4e, 0x6d, 0x77, 0x78, 0x4c, 0x6a, 0x6b, 0x74, 0x4e, 0x69, 0x34, 0x32, 0x61, 0x44, 0x49, 
0x75, 0x4e, 0x6b, 0x77, 0x79, 0x4d, 0x6a, 0x4d, 0x73, 0x4d, 0x6a, 0x4d, 0x75, 0x4e, 0x47, 0x67, 0x74, 
0x4d, 0x69, 0x34, 0x32, 0x62, 0x43, 0x30, 0x78, 0x4c, 0x6a, 0x63, 0x74, 0x4e, 0x69, 0x34, 0x31, 0x62, 
0x43, 0x30, 0x78, 0x4c, 0x6a, 0x63, 0x73, 0x4e, 0x69, 0x34, 0x31, 0x53, 0x44, 0x49, 0x78, 0x4e, 0x43, 
0x34, 0x7a, 0x65, 0x69, 0x49, 0x4b, 0x43, 0x51, 0x6b, 0x4a, 0x4c, 0x7a, 0x34, 0x4b, 0x43, 0x51, 0x6b, 
0x38, 0x63, 0x47, 0x46, 0x30, 0x61, 0x43, 0x42, 0x6a, 0x62, 0x47, 0x46, 0x7a, 0x63, 0x7a, 0x30, 0x69, 
0x63, 0x33, 0x51, 0x79, 0x49, 0x69, 0x42, 0x6b, 0x50, 0x53, 0x4a, 0x4e, 0x4d, 0x6a, 0x49, 0x33, 0x4c, 
0x44, 0x45, 0x34, 0x4c, 0x6a, 0x4a, 0x6a, 0x4d, 0x43, 0x30, 0x77, 0x4c, 0x6a, 0x6b, 0x73, 0x4d, 0x43, 
0x34, 0x79, 0x4c, 0x54, 0x45, 0x75, 0x4f, 0x43, 0x77, 0x77, 0x4c, 0x6a, 0x63, 0x74, 0x4d, 0x69, 0x34, 
0x32, 0x59, 0x7a, 0x41, 0x75, 0x4e, 0x43, 0x30, 0x77, 0x4c, 0x6a, 0x67, 0x73, 0x4d, 0x53, 0x34, 0x78, 
0x4c, 0x54, 0x45, 0x75, 0x4e, 0x53, 0x77, 0x78, 0x4c, 0x6a, 0x6b, 0x74, 0x4d, 0x53, 0x34, 0x35, 0x59, 
0x7a, 0x41, 0x75, 0x4f, 0x43, 0x30, 0x77, 0x4c, 0x6a, 0x51, 0x73, 0x4d, 0x53, 0x34, 0x33, 0x4c, 0x54, 
0x41, 0x75, 0x4e, 0x79, 0x77, 0x79, 0x4c, 0x6a, 0x63, 0x74, 0x4d, 0x43, 0x34, 0x33, 0x59, 0x7a, 0x45, 
0x75, 0x4e, 0x43, 0x30, 0x77, 0x4c, 0x6a, 0x45, 0x73, 0x4d, 0x69, 0x34, 0x34, 0x4c, 0x44, 0x41, 0x75, 
0x4e, 0x53, 0x77, 0x7a, 0x4c, 0x6a, 0x63, 0x73, 0x4d, 0x53, 0x34, 0x31, 0x43, 0x67, 0x6b, 0x4a, 0x43, 
0x57, 0x4d, 0x78, 0x4c, 0x44, 0x45, 0x73, 0x4d, 0x53, 0x34, 0x31, 0x4c, 0x44, 0x49, 0x75, 0x4e, 0x43, 
0x77, 0x78, 0x4c, 0x6a, 0x55, 0x73, 0x4d, 0x79, 0x34, 0x34, 0x59, 0x7a, 0x41, 0x73, 0x4d, 0x53, 0x34, 
0x30, 0x4c, 0x54, 0x41, 0x75, 0x4e, 0x53, 0x77, 0x79, 0x4c, 0x6a, 0x67, 0x74, 0x4d, 0x53, 0x34, 0x31, 
0x4c, 0x44, 0x4d, 0x75, 0x4f, 0x47, 0x4d, 0x74, 0x4d, 0x53, 0x77, 0x78, 0x4c, 0x54, 0x49, 0x75, 0x4d, 
0x79, 0x77, 0x78, 0x4c, 0x6a, 0x55, 0x74, 0x4d, 0x79, 0x34, 0x33, 0x4c, 0x44, 0x45, 0x75, 0x4e, 0x57, 
0x4d, 0x74, 0x4d, 0x43, 0x34, 0x35, 0x4c, 0x44, 0x41, 0x74, 0x4d, 0x53, 0x34, 0x34, 0x4c, 0x54, 0x41, 
0x75, 0x4d, 0x69, 0x30, 0x79, 0x4c, 0x6a, 0x59, 0x74, 0x4d, 0x43, 0x34, 0x32, 0x59, 0x79, 0x30, 0x77, 
0x4c, 0x6a, 0x67, 0x74, 0x4d, 0x43, 0x34, 0x30, 0x4c, 0x54, 0x45, 0x75, 0x4e, 0x53, 0x30, 0x78, 0x4c, 
0x54, 0x45, 0x75, 0x4f, 0x53, 0x30, 0x78, 0x4c, 0x6a, 0x67, 0x4b, 0x43, 0x51, 0x6b, 0x4a, 0x51, 0x7a, 
0x49, 0x79, 0x4e, 0x79, 0x34, 0x79, 0x4c, 0x44, 0x49, 0x77, 0x4c, 0x6a, 0x49, 0x73, 0x4d, 0x6a, 0x49, 
0x32, 0x4c, 0x6a, 0x6b, 0x73, 0x4d, 0x54, 0x6b, 0x75, 0x4d, 0x69, 0x77, 0x79, 0x4d, 0x6a, 0x63, 0x73, 
0x4d, 0x54, 0x67, 0x75, 0x4d, 0x6e, 0x6f, 0x67, 0x54, 0x54, 0x49, 0x79, 0x4f, 0x53, 0x34, 0x33, 0x4c, 
0x44, 0x45, 0x34, 0x4c, 0x6a, 0x4e, 0x6a, 0x4c, 0x54, 0x41, 0x75, 0x4d, 0x53, 0x77, 0x77, 0x4c, 0x6a, 
0x67, 0x73, 0x4d, 0x43, 0x34, 0x79, 0x4c, 0x44, 0x45, 0x75, 0x4e, 0x69, 0x77, 0x77, 0x4c, 0x6a, 0x63, 
0x73, 0x4d, 0x69, 0x34, 0x7a, 0x59, 0x7a, 0x41, 0x75, 0x4f, 0x43, 0x77, 0x78, 0x4c, 0x44, 0x49, 0x75, 
0x4d, 0x79, 0x77, 0x78, 0x4c, 0x6a, 0x45, 0x73, 0x4d, 0x79, 0x34, 0x7a, 0x4c, 0x44, 0x41, 0x75, 0x4d, 
0x6d, 0x4d, 0x77, 0x4c, 0x6a, 0x45, 0x74, 0x4d, 0x43, 0x34, 0x78, 0x4c, 0x44, 0x41, 0x75, 0x4d, 0x69, 
0x30, 0x77, 0x4c, 0x6a, 0x49, 0x73, 0x4d, 0x43, 0x34, 0x79, 0x4c, 0x54, 0x41, 0x75, 0x4d, 0x67, 0x6f, 
0x4a, 0x43, 0x51, 0x6c, 0x6a, 0x4d, 0x43, 0x34, 0x31, 0x4c, 0x54, 0x41, 0x75, 0x4e, 0x79, 0x77, 0x77, 
0x4c, 0x6a, 0x67, 0x74, 0x4d, 0x53, 0x34, 0x31, 0x4c, 0x44, 0x41, 0x75, 0x4e, 0x79, 0x30, 0x79, 0x4c, 
0x6a, 0x4e, 0x6a, 0x4d, 0x43, 0x34, 0x78, 0x4c, 0x54, 0x41, 0x75, 0x4f, 0x43, 0x30, 0x77, 0x4c, 0x6a, 
0x49, 0x74, 0x4d, 0x53, 0x34, 0x32, 0x4c, 0x54, 0x41, 0x75, 0x4e, 0x79, 0x30, 0x79, 0x4c, 0x6a, 0x4e, 
0x6a, 0x4c, 0x54, 0x41, 0x75, 0x4f, 0x43, 0x30, 0x78, 0x4c, 0x54, 0x49, 0x75, 0x4d, 0x79, 0x30, 0x78, 
0x4c, 0x6a, 0x45, 0x74, 0x4d, 0x79, 0x34, 0x7a, 0x4c, 0x54, 0x41, 0x75, 0x4d, 0x6d, 0x4d, 0x74, 0x4d, 
0x43, 0x34, 0x78, 0x4c, 0x44, 0x41, 0x75, 0x4d, 0x53, 0x30, 0x77, 0x4c, 0x6a, 0x45, 0x73, 0x4d, 0x43, 
0x34, 0x78, 0x4c, 0x54, 0x41, 0x75, 0x4d, 0x69, 0x77, 0x77, 0x4c, 0x6a, 0x49, 0x4b, 0x43, 0x51, 0x6b, 
0x4a, 0x51, 0x7a, 0x49, 0x79, 0x4f, 0x53, 0x34, 0x35, 0x4c, 0x44, 0x45, 0x32, 0x4c, 0x6a, 0x63, 0x73, 
0x4d, 0x6a, 0x49, 0x35, 0x4c, 0x6a, 0x59, 0x73, 0x4d, 0x54, 0x63, 0x75, 0x4e, 0x53, 0x77, 0x79, 0x4d, 
0x6a, 0x6b, 0x75, 0x4e, 0x79, 0x77, 0x78, 0x4f, 0x43, 0x34, 0x7a, 0x65, 0x69, 0x49, 0x76, 0x50, 0x67, 
0x6f, 0x4a, 0x43, 0x54, 0x78, 0x77, 0x59, 0x58, 0x52, 0x6f, 0x49, 0x47, 0x4e, 0x73, 0x59, 0x58, 0x4e, 
0x7a, 0x50, 0x53, 0x4a, 0x7a, 0x64, 0x44, 0x49, 0x69, 0x49, 0x47, 0x51, 0x39, 0x49, 0x6b, 0x30, 0x79, 
0x4e, 0x44, 0x49, 0x73, 0x4d, 0x6a, 0x4d, 0x75, 0x4e, 0x47, 0x67, 0x74, 0x4d, 0x69, 0x34, 0x33, 0x56, 
0x6a, 0x45, 0x7a, 0x4c, 0x6a, 0x4e, 0x6f, 0x4d, 0x69, 0x34, 0x31, 0x64, 0x6a, 0x45, 0x75, 0x4e, 0x47, 
0x4d, 0x77, 0x4c, 0x6a, 0x4d, 0x74, 0x4d, 0x43, 0x34, 0x31, 0x4c, 0x44, 0x41, 0x75, 0x4e, 0x79, 0x30, 
0x78, 0x4c, 0x44, 0x45, 0x75, 0x4d, 0x53, 0x30, 0x78, 0x4c, 0x6a, 0x4e, 0x6a, 0x4d, 0x43, 0x34, 0x7a, 
0x4c, 0x54, 0x41, 0x75, 0x4d, 0x69, 0x77, 0x77, 0x4c, 0x6a, 0x63, 0x74, 0x4d, 0x43, 0x34, 0x7a, 0x4c, 
0x44, 0x45, 0x75, 0x4d, 0x69, 0x30, 0x77, 0x4c, 0x6a, 0x4e, 0x6a, 0x4d, 0x43, 0x34, 0x32, 0x4c, 0x44, 
0x41, 0x73, 0x4d, 0x53, 0x34, 0x79, 0x4c, 0x44, 0x41, 0x75, 0x4d, 0x69, 0x77, 0x78, 0x4c, 0x6a, 0x67, 
0x73, 0x4d, 0x43, 0x34, 0x31, 0x62, 0x43, 0x30, 0x77, 0x4c, 0x6a, 0x67, 0x73, 0x4d, 0x69, 0x34, 0x7a, 
0x43, 0x67, 0x6b, 0x4a, 0x43, 0x57, 0x4d, 0x74, 0x4d, 0x43, 0x34, 0x30, 0x4c, 0x54, 0x41, 0x75, 0x4d, 
0x79, 0x30, 0x77, 0x4c, 0x6a, 0x67, 0x74, 0x4d, 0x43, 0x34, 0x30, 0x4c, 0x54, 0x45, 0x75, 0x4d, 0x69, 
0x30, 0x77, 0x4c, 0x6a, 0x52, 0x6a, 0x4c, 0x54, 0x41, 0x75, 0x4d, 0x79, 0x77, 0x77, 0x4c, 0x54, 0x41, 
0x75, 0x4e, 0x79, 0x77, 0x77, 0x4c, 0x6a, 0x45, 0x74, 0x4d, 0x43, 0x34, 0x35, 0x4c, 0x44, 0x41, 0x75, 
0x4d, 0x32, 0x4d, 0x74, 0x4d, 0x43, 0x34, 0x7a, 0x4c, 0x44, 0x41, 0x75, 0x4d, 0x79, 0x30, 0x77, 0x4c, 
0x6a, 0x55, 0x73, 0x4d, 0x43, 0x34, 0x33, 0x4c, 0x54, 0x41, 0x75, 0x4e, 0x69, 0x77, 0x78, 0x4c, 0x6a, 
0x46, 0x6a, 0x4c, 0x54, 0x41, 0x75, 0x4d, 0x69, 0x77, 0x78, 0x4c, 0x6a, 0x45, 0x74, 0x4d, 0x43, 0x34, 
0x7a, 0x4c, 0x44, 0x49, 0x75, 0x4d, 0x79, 0x30, 0x77, 0x4c, 0x6a, 0x49, 0x73, 0x4d, 0x79, 0x34, 0x30, 
0x56, 0x6a, 0x49, 0x7a, 0x4c, 0x6a, 0x52, 0x36, 0x49, 0x69, 0x38, 0x2b, 0x43, 0x67, 0x6b, 0x4a, 0x50, 
0x48, 0x42, 0x68, 0x64, 0x47, 0x67, 0x67, 0x59, 0x32, 0x78, 0x68, 0x63, 0x33, 0x4d, 0x39, 0x49, 0x6e, 
0x4e, 0x30, 0x4d, 0x69, 0x49, 0x67, 0x5a, 0x44, 0x30, 0x69, 0x54, 0x54, 0x49, 0x30, 0x4e, 0x69, 0x34, 
0x35, 0x4c, 0x44, 0x49, 0x7a, 0x4c, 0x6a, 0x52, 0x57, 0x4f, 0x53, 0x34, 0x31, 0x61, 0x44, 0x49, 0x75, 
0x4e, 0x33, 0x59, 0x33, 0x4c, 0x6a, 0x52, 0x73, 0x4d, 0x79, 0x34, 0x78, 0x4c, 0x54, 0x4d, 0x75, 0x4e, 
0x57, 0x67, 0x7a, 0x4c, 0x6a, 0x4e, 0x73, 0x4c, 0x54, 0x4d, 0x75, 0x4e, 0x43, 0x77, 0x7a, 0x4c, 0x6a, 
0x64, 0x73, 0x4d, 0x79, 0x34, 0x33, 0x4c, 0x44, 0x59, 0x75, 0x4e, 0x47, 0x67, 0x74, 0x4d, 0x69, 0x34, 
0x35, 0x62, 0x43, 0x30, 0x79, 0x4c, 0x6a, 0x59, 0x74, 0x4e, 0x43, 0x34, 0x31, 0x62, 0x43, 0x30, 0x78, 
0x4c, 0x6a, 0x49, 0x73, 0x4d, 0x53, 0x34, 0x7a, 0x64, 0x6a, 0x4d, 0x75, 0x4d, 0x6b, 0x67, 0x79, 0x4e, 
0x44, 0x59, 0x75, 0x4f, 0x58, 0x6f, 0x69, 0x4c, 0x7a, 0x34, 0x4b, 0x43, 0x51, 0x6b, 0x38, 0x63, 0x47, 
0x46, 0x30, 0x61, 0x43, 0x42, 0x6a, 0x62, 0x47, 0x46, 0x7a, 0x63, 0x7a, 0x30, 0x69, 0x63, 0x33, 0x51, 
0x79, 0x49, 0x69, 0x42, 0x6b, 0x50, 0x53, 0x4a, 0x4e, 0x4d, 0x6a, 0x55, 0x32, 0x4c, 0x6a, 0x6b, 0x73, 
0x4d, 0x6a, 0x41, 0x75, 0x4e, 0x57, 0x77, 0x79, 0x4c, 0x6a, 0x63, 0x74, 0x4d, 0x43, 0x34, 0x30, 0x59, 
0x7a, 0x41, 0x75, 0x4d, 0x53, 0x77, 0x77, 0x4c, 0x6a, 0x55, 0x73, 0x4d, 0x43, 0x34, 0x7a, 0x4c, 0x44, 
0x41, 0x75, 0x4f, 0x53, 0x77, 0x77, 0x4c, 0x6a, 0x63, 0x73, 0x4d, 0x53, 0x34, 0x79, 0x59, 0x7a, 0x41, 
0x75, 0x4e, 0x43, 0x77, 0x77, 0x4c, 0x6a, 0x4d, 0x73, 0x4d, 0x43, 0x34, 0x35, 0x4c, 0x44, 0x41, 0x75, 
0x4e, 0x43, 0x77, 0x78, 0x4c, 0x6a, 0x55, 0x73, 0x4d, 0x43, 0x34, 0x30, 0x59, 0x7a, 0x41, 0x75, 0x4e, 
0x53, 0x77, 0x77, 0x4c, 0x44, 0x45, 0x75, 0x4d, 0x53, 0x30, 0x77, 0x4c, 0x6a, 0x45, 0x73, 0x4d, 0x53, 
0x34, 0x32, 0x4c, 0x54, 0x41, 0x75, 0x4e, 0x41, 0x6f, 0x4a, 0x43, 0x51, 0x6c, 0x6a, 0x4d, 0x43, 0x34, 
0x79, 0x4c, 0x54, 0x41, 0x75, 0x4d, 0x69, 0x77, 0x77, 0x4c, 0x6a, 0x51, 0x74, 0x4d, 0x43, 0x34, 0x30, 
0x4c, 0x44, 0x41, 0x75, 0x4e, 0x43, 0x30, 0x77, 0x4c, 0x6a, 0x64, 0x6a, 0x4d, 0x43, 0x30, 0x77, 0x4c, 
0x6a, 0x49, 0x74, 0x4d, 0x43, 0x34, 0x78, 0x4c, 0x54, 0x41, 0x75, 0x4e, 0x43, 0x30, 0x77, 0x4c, 0x6a, 
0x49, 0x74, 0x4d, 0x43, 0x34, 0x31, 0x59, 0x79, 0x30, 0x77, 0x4c, 0x6a, 0x4d, 0x74, 0x4d, 0x43, 0x34, 
0x79, 0x4c, 0x54, 0x41, 0x75, 0x4e, 0x69, 0x30, 0x77, 0x4c, 0x6a, 0x4d, 0x74, 0x4d, 0x43, 0x34, 0x35, 
0x4c, 0x54, 0x41, 0x75, 0x4e, 0x47, 0x4d, 0x74, 0x4d, 0x53, 0x34, 0x30, 0x4c, 0x54, 0x41, 0x75, 0x4d, 
0x69, 0x30, 0x79, 0x4c, 0x6a, 0x67, 0x74, 0x4d, 0x43, 0x34, 0x33, 0x4c, 0x54, 0x51, 0x75, 0x4d, 0x53, 
0x30, 0x78, 0x4c, 0x6a, 0x4e, 0x6a, 0x4c, 0x54, 0x41, 0x75, 0x4f, 0x43, 0x30, 0x77, 0x4c, 0x6a, 0x55, 
0x74, 0x4d, 0x53, 0x34, 0x79, 0x4c, 0x54, 0x45, 0x75, 0x4e, 0x43, 0x30, 0x78, 0x4c, 0x6a, 0x49, 0x74, 
0x4d, 0x69, 0x34, 0x7a, 0x43, 0x67, 0x6b, 0x4a, 0x43, 0x57, 0x4d, 0x77, 0x4c, 0x54, 0x41, 0x75, 0x4f, 
0x53, 0x77, 0x77, 0x4c, 0x6a, 0x51, 0x74, 0x4d, 0x53, 0x34, 0x33, 0x4c, 0x44, 0x45, 0x74, 0x4d, 0x69, 
0x34, 0x79, 0x59, 0x7a, 0x41, 0x75, 0x4f, 0x53, 0x30, 0x77, 0x4c, 0x6a, 0x63, 0x73, 0x4d, 0x69, 0x34, 
0x78, 0x4c, 0x54, 0x45, 0x73, 0x4d, 0x79, 0x34, 0x79, 0x4c, 0x54, 0x41, 0x75, 0x4f, 0x57, 0x4d, 0x78, 
0x4c, 0x6a, 0x45, 0x74, 0x4d, 0x43, 0x34, 0x78, 0x4c, 0x44, 0x49, 0x75, 0x4d, 0x69, 0x77, 0x77, 0x4c, 
0x6a, 0x49, 0x73, 0x4d, 0x79, 0x34, 0x78, 0x4c, 0x44, 0x41, 0x75, 0x4e, 0x32, 0x4d, 0x77, 0x4c, 0x6a, 
0x63, 0x73, 0x4d, 0x43, 0x34, 0x31, 0x4c, 0x44, 0x45, 0x75, 0x4d, 0x69, 0x77, 0x78, 0x4c, 0x6a, 0x49, 
0x73, 0x4d, 0x53, 0x34, 0x30, 0x4c, 0x44, 0x4a, 0x73, 0x4c, 0x54, 0x49, 0x75, 0x4e, 0x53, 0x77, 0x77, 
0x4c, 0x6a, 0x56, 0x6a, 0x4c, 0x54, 0x41, 0x75, 0x4d, 0x53, 0x30, 0x77, 0x4c, 0x6a, 0x51, 0x74, 0x4d, 
0x43, 0x34, 0x7a, 0x4c, 0x54, 0x41, 0x75, 0x4e, 0x79, 0x30, 0x77, 0x4c, 0x6a, 0x59, 0x74, 0x4d, 0x43, 
0x34, 0x35, 0x43, 0x67, 0x6b, 0x4a, 0x43, 0x57, 0x4d, 0x74, 0x4d, 0x43, 0x34, 0x30, 0x4c, 0x54, 0x41, 
0x75, 0x4d, 0x69, 0x30, 0x77, 0x4c, 0x6a, 0x67, 0x74, 0x4d, 0x43, 0x34, 0x30, 0x4c, 0x54, 0x45, 0x75, 
0x4d, 0x79, 0x30, 0x77, 0x4c, 0x6a, 0x4e, 0x6a, 0x4c, 0x54, 0x41, 0x75, 0x4e, 0x53, 0x77, 0x77, 0x4c, 
0x54, 0x45, 0x73, 0x4d, 0x43, 0x34, 0x78, 0x4c, 0x54, 0x45, 0x75, 0x4e, 0x53, 0x77, 0x77, 0x4c, 0x6a, 
0x4e, 0x6a, 0x4c, 0x54, 0x41, 0x75, 0x4d, 0x69, 0x77, 0x77, 0x4c, 0x6a, 0x45, 0x74, 0x4d, 0x43, 0x34, 
0x7a, 0x4c, 0x44, 0x41, 0x75, 0x4d, 0x79, 0x30, 0x77, 0x4c, 0x6a, 0x4d, 0x73, 0x4d, 0x43, 0x34, 0x31, 
0x59, 0x7a, 0x41, 0x73, 0x4d, 0x43, 0x34, 0x79, 0x4c, 0x44, 0x41, 0x75, 0x4d, 0x53, 0x77, 0x77, 0x4c, 
0x6a, 0x51, 0x73, 0x4d, 0x43, 0x34, 0x7a, 0x4c, 0x44, 0x41, 0x75, 0x4e, 0x57, 0x4d, 0x77, 0x4c, 0x6a, 
0x67, 0x73, 0x4d, 0x43, 0x34, 0x30, 0x4c, 0x44, 0x45, 0x75, 0x4e, 0x69, 0x77, 0x77, 0x4c, 0x6a, 0x59, 
0x73, 0x4d, 0x69, 0x34, 0x31, 0x4c, 0x44, 0x41, 0x75, 0x4f, 0x41, 0x6f, 0x4a, 0x43, 0x51, 0x6c, 0x6a, 
0x4d, 0x53, 0x34, 0x78, 0x4c, 0x44, 0x41, 0x75, 0x4d, 0x69, 0x77, 0x79, 0x4c, 0x6a, 0x45, 0x73, 0x4d, 
0x43, 0x34, 0x31, 0x4c, 0x44, 0x4d, 0x73, 0x4d, 0x53, 0x34, 0x78, 0x59, 0x7a, 0x41, 0x75, 0x4e, 0x69, 
0x77, 0x77, 0x4c, 0x6a, 0x55, 0x73, 0x4d, 0x43, 0x34, 0x35, 0x4c, 0x44, 0x45, 0x75, 0x4d, 0x69, 0x77, 
0x77, 0x4c, 0x6a, 0x67, 0x73, 0x4d, 0x6d, 0x4d, 0x77, 0x4c, 0x44, 0x41, 0x75, 0x4f, 0x53, 0x30, 0x77, 
0x4c, 0x6a, 0x51, 0x73, 0x4d, 0x53, 0x34, 0x34, 0x4c, 0x54, 0x45, 0x75, 0x4d, 0x69, 0x77, 0x79, 0x4c, 
0x6a, 0x52, 0x6a, 0x4c, 0x54, 0x45, 0x73, 0x4d, 0x43, 0x34, 0x33, 0x4c, 0x54, 0x49, 0x75, 0x4d, 0x69, 
0x77, 0x78, 0x4c, 0x6a, 0x45, 0x74, 0x4d, 0x79, 0x34, 0x30, 0x4c, 0x44, 0x46, 0x6a, 0x4c, 0x54, 0x45, 
0x75, 0x4d, 0x53, 0x77, 0x77, 0x4c, 0x6a, 0x45, 0x74, 0x4d, 0x69, 0x34, 0x7a, 0x4c, 0x54, 0x41, 0x75, 
0x4d, 0x69, 0x30, 0x7a, 0x4c, 0x6a, 0x4d, 0x74, 0x4d, 0x43, 0x34, 0x34, 0x43, 0x67, 0x6b, 0x4a, 0x43, 
0x55, 0x4d, 0x79, 0x4e, 0x54, 0x63, 0x75, 0x4e, 0x79, 0x77, 0x79, 0x4d, 0x69, 0x34, 0x7a, 0x4c, 0x44, 
0x49, 0x31, 0x4e, 0x79, 0x34, 0x78, 0x4c, 0x44, 0x49, 0x78, 0x4c, 0x6a, 0x51, 0x73, 0x4d, 0x6a, 0x55, 
0x32, 0x4c, 0x6a, 0x6b, 0x73, 0x4d, 0x6a, 0x41, 0x75, 0x4e, 0x58, 0x6f, 0x69, 0x4c, 0x7a, 0x34, 0x4b, 
0x43, 0x54, 0x77, 0x76, 0x5a, 0x7a, 0x34, 0x4b, 0x50, 0x43, 0x39, 0x6e, 0x50, 0x67, 0x6f, 0x38, 0x4c, 
0x33, 0x4e, 0x32, 0x5a, 0x7a, 0x34, 0x3d, 0x22, 0x3e, 0x3c, 0x2f, 0x6f, 0x62, 0x6a, 0x65, 0x63, 0x74, 
0x3e, 0x3c, 0x2f, 0x64, 0x69, 0x76, 0x3e, 0x3c, 0x2f, 0x64, 0x69, 0x76, 0x3e, 0x3c, 0x2f, 0x68, 0x65, 
0x61, 0x64, 0x65, 0x72, 0x3e, 0x3c, 0x21, 0x2d, 0x2d, 0x3c, 0x64, 0x69, 0x76, 0x20, 0x69, 0x64, 0x3d, 
0x22, 0x50, 0x72, 0x6f, 0x67, 0x72, 0x65, 0x73, 0x73, 0x5f, 0x61, 0x6c, 0x6c, 0x22, 0x3e, 0x2d, 0x2d, 
0x3e, 0x3c, 0x21, 0x2d, 0x2d, 0x3c, 0x64, 0x69, 0x76, 0x20, 0x69, 0x64, 0x3d, 0x22, 0x50, 0x72, 0x6f, 
0x67, 0x72, 0x65, 0x73, 0x73, 0x22, 0x3e, 0x3c, 0x2f, 0x64, 0x69, 0x76, 0x3e, 0x2d, 0x2d, 0x3e, 0x20, 
0x20, 0x3c, 0x21, 0x2d, 0x2d, 0x3c, 0x2f, 0x64, 0x69, 0x76, 0x3e, 0x2d, 0x2d, 0x3e, 0x3c, 0x64, 0x69, 
0x76, 0x20, 0x69, 0x64, 0x3d, 0x22, 0x6d, 0x61, 0x69, 0x6e, 0x63, 0x6f, 0x6e, 0x74, 0x65, 0x6e, 0x74, 
0x22, 0x20, 0x63, 0x6c, 0x61, 0x73, 0x73, 0x3d, 0x22, 0x63, 0x6f, 0x6e, 0x74, 0x61, 0x69, 0x6e, 0x65, 
0x72, 0x22, 0x3e, 0x3c, 0x64, 0x69, 0x76, 0x20, 0x69, 0x64, 0x3d, 0x20, 0x22, 0x6d, 0x61, 0x69, 0x6e, 
0x22, 0x3e, 0x20, 0x20, 0x20, 0x20, 0x3c, 0x68, 0x31, 0x20, 0x63, 0x6c, 0x61, 0x73, 0x73, 0x3d, 0x22, 
0x68, 0x65, 0x61, 0x64, 0x69, 0x6e, 0x67, 0x22, 0x3e, 0x46, 0x4c, 0x41, 0x53, 0x48, 0x49, 0x4e, 0x47, 
0x20, 0x49, 0x4e, 0x20, 0x50, 0x52, 0x4f, 0x47, 0x52, 0x45, 0x53, 0x53, 0x3c, 0x2f, 0x68, 0x31, 0x3e, 
0x3c, 0x2f, 0x64, 0x69, 0x76, 0x3e, 0x3c, 0x70, 0x3e, 0x59, 0x6f, 0x75, 0x72, 0x20, 0x66, 0x69, 0x6c, 
0x65, 0x20, 0x77, 0x61, 0x73, 0x20, 0x73, 0x75, 0x63, 0x63, 0x65, 0x73, 0x73, 0x66, 0x75, 0x6c, 0x6c, 
0x79, 0x20, 0x75, 0x70, 0x6c, 0x6f, 0x61, 0x64, 0x65, 0x64, 0x21, 0x20, 0x55, 0x70, 0x67, 0x72, 0x61, 
0x64, 0x69, 0x6e, 0x67, 0x20, 0x69, 0x73, 0x20, 0x69, 0x6e, 0x20, 0x70, 0x72, 0x6f, 0x67, 0x72, 0x65, 
0x73, 0x73, 0x20, 0x61, 0x6e, 0x64, 0x20, 0x79, 0x6f, 0x75, 0x20, 0x73, 0x68, 0x6f, 0x75, 0x6c, 0x64, 
0x20, 0x77, 0x61, 0x69, 0x74, 0x20, 0x66, 0x6f, 0x72, 0x20, 0x61, 0x75, 0x74, 0x6f, 0x6d, 0x61, 0x74, 
0x69, 0x63, 0x20, 0x72, 0x65, 0x73, 0x65, 0x74, 0x20, 0x6f, 0x66, 0x20, 0x74, 0x68, 0x65, 0x20, 0x64, 
0x65, 0x76, 0x69, 0x63, 0x65, 0x2e, 0x3c, 0x62, 0x72, 0x3e, 0x55, 0x70, 0x67, 0x72, 0x61, 0x64, 0x69, 
0x6e, 0x67, 0x20, 0x74, 0x69, 0x6d, 0x65, 0x20, 0x64, 0x65, 0x70, 0x65, 0x6e, 0x64, 0x73, 0x20, 0x6f, 
0x6e, 0x20, 0x69, 0x6d, 0x61, 0x67, 0x65, 0x20, 0x73, 0x69, 0x7a, 0x65, 0x20, 0x61, 0x6e, 0x64, 0x20, 
0x6d, 0x61, 0x79, 0x20, 0x74, 0x61, 0x6b, 0x65, 0x20, 0x75, 0x70, 0x20, 0x74, 0x6f, 0x20, 0x61, 0x20, 
0x66, 0x65, 0x77, 0x20, 0x6d, 0x69, 0x6e, 0x75, 0x74, 0x65, 0x73, 0x2e, 0x20, 0x59, 0x6f, 0x75, 0x20, 
0x63, 0x61, 0x6e, 0x20, 0x63, 0x6c, 0x6f, 0x73, 0x65, 0x20, 0x74, 0x68, 0x69, 0x73, 0x20, 0x70, 0x61, 
0x67, 0x65, 0x2e, 0x3c, 0x2f, 0x70, 0x3e, 0x3c, 0x64, 0x69, 0x76, 0x20, 0x69, 0x64, 0x3d, 0x22, 0x6c, 
0x22, 0x3e, 0x3c, 0x2f, 0x64, 0x69, 0x76, 0x3e, 0x3c, 0x64, 0x69, 0x76, 0x20, 0x63, 0x6c, 0x61, 0x73, 
0x73, 0x3d, 0x22, 0x66, 0x6f, 0x6f, 0x74, 0x65, 0x72, 0x22, 0x3e, 0x54, 0x65, 0x6c, 0x74, 0x6f, 0x6e, 
0x69, 0x6b, 0x61, 0x20, 0x73, 0x6f, 0x6c, 0x75, 0x74, 0x69, 0x6f, 0x6e, 0x73, 0x3c, 0x61, 0x20, 0x68, 
0x72, 0x65, 0x66, 0x3d, 0x22, 0x68, 0x74, 0x74, 0x70, 0x73, 0x3a, 0x2f, 0x2f, 0x77, 0x77, 0x77, 0x2e, 
0x74, 0x65, 0x6c, 0x74, 0x6f, 0x6e, 0x69, 0x6b, 0x61, 0x2d, 0x6e, 0x65, 0x74, 0x77, 0x6f, 0x72, 0x6b, 
0x73, 0x2e, 0x63, 0x6f, 0x6d, 0x2f, 0x22, 0x3e, 0x77, 0x77, 0x77, 0x2e, 0x74, 0x65, 0x6c, 0x74, 0x6f, 
0x6e, 0x69, 0x6b, 0x61, 0x2d, 0x6e, 0x65, 0x74, 0x77, 0x6f, 0x72, 0x6b, 0x73, 0x2e, 0x63, 0x6f, 0x6d, 
0x3c, 0x2f, 0x61, 0x3e, 0x3c, 0x2f, 0x64, 0x69, 0x76, 0x3e, 0x3c, 0x2f, 0x64, 0x69, 0x76, 0x3e, 0x3c, 
0x73, 0x63, 0x72, 0x69, 0x70, 0x74, 0x20, 0x74, 0x79, 0x70, 0x65, 0x3d, 0x22, 0x74, 0x65, 0x78, 0x74, 
0x2f, 0x6a, 0x61, 0x76, 0x61, 0x73, 0x63, 0x72, 0x69, 0x70, 0x74, 0x22, 0x3e, 0x66, 0x75, 0x6e, 0x63, 
0x74, 0x69, 0x6f, 0x6e, 0x20, 0x67, 0x65, 0x74, 0x5f, 0x73, 0x74, 0x61, 0x74, 0x75, 0x73, 0x28, 0x29, 
0x20, 0x7b, 0x76, 0x61, 0x72, 0x20, 0x78, 0x6d, 0x6c, 0x68, 0x74, 0x74, 0x70, 0x20, 0x3d, 0x20, 0x6e, 
0x65, 0x77, 0x20, 0x58, 0x4d, 0x4c, 0x48, 0x74, 0x74, 0x70, 0x52, 0x65, 0x71, 0x75, 0x65, 0x73, 0x74, 
0x28, 0x29, 0x3b, 0x76, 0x61, 0x72, 0x20, 0x77, 0x69, 0x64, 0x74, 0x68, 0x3b, 0x78, 0x6d, 0x6c, 0x68, 
0x74, 0x74, 0x70, 0x2e, 0x74, 0x69, 0x6d, 0x65, 0x6f, 0x75, 0x74, 0x20, 0x3d, 0x20, 0x31, 0x30, 0x30, 
0x30, 0x3b, 0x78, 0x6d, 0x6c, 0x68, 0x74, 0x74, 0x70, 0x2e, 0x72, 0x65, 0x73, 0x70, 0x6f, 0x6e, 0x73, 
0x65, 0x54, 0x79, 0x70, 0x65, 0x20, 0x3d, 0x20, 0x27, 0x6a, 0x73, 0x6f, 0x6e, 0x27, 0x3b, 0x78, 0x6d, 
0x6c, 0x68, 0x74, 0x74, 0x70, 0x2e, 0x6f, 0x70, 0x65, 0x6e, 0x28, 0x22, 0x47, 0x45, 0x54, 0x22, 0x2c, 
0x20, 0x22, 0x2f, 0x72, 0x65, 0x73, 0x75, 0x6c, 0x74, 0x22, 0x2c, 0x20, 0x74, 0x72, 0x75, 0x65, 0x29, 
0x3b, 0x78, 0x6d, 0x6c, 0x68, 0x74, 0x74, 0x70, 0x2e, 0x73, 0x65, 0x6e, 0x64, 0x28, 0x29, 0x3b, 0x78, 
0x6d, 0x6c, 0x68, 0x74, 0x74, 0x70, 0x2e, 0x6f, 0x6e, 0x72, 0x65, 0x61, 0x64, 0x79, 0x73, 0x74, 0x61, 
0x74, 0x65, 0x63, 0x68, 0x61, 0x6e, 0x67, 0x65, 0x20, 0x3d, 0x20, 0x66, 0x75, 0x6e, 0x63, 0x74, 0x69, 
0x6f, 0x6e, 0x20, 0x28, 0x29, 0x20, 0x7b, 0x69, 0x66, 0x20, 0x28, 0x78, 0x6d, 0x6c, 0x68, 0x74, 0x74, 
0x70, 0x2e, 0x72, 0x65, 0x61, 0x64, 0x79, 0x53, 0x74, 0x61, 0x74, 0x65, 0x20, 0x3d, 0x3d, 0x20, 0x34, 
0x20, 0x26, 0x26, 0x20, 0x78, 0x6d, 0x6c, 0x68, 0x74, 0x74, 0x70, 0x2e, 0x73, 0x74, 0x61, 0x74, 0x75, 
0x73, 0x20, 0x3d, 0x3d, 0x20, 0x32, 0x30, 0x30, 0x29, 0x20, 0x7b, 0x20, 0x20, 0x20, 0x20, 0x20, 0x20, 
0x20, 0x20, 0x20, 0x20, 0x20, 0x20, 0x20, 0x20, 0x20, 0x20, 0x69, 0x66, 0x20, 0x28, 0x78, 0x6d, 0x6c, 
0x68, 0x74, 0x74, 0x70, 0x2e, 0x72, 0x65, 0x73, 0x70, 0x6f, 0x6e, 0x73, 0x65, 0x2e, 0x6d, 0x65, 0x73, 
0x73, 0x61, 0x67, 0x65, 0x29, 0x20, 0x20, 0x20, 0x20, 0x20, 0x20, 0x20, 0x20, 0x20, 0x20, 0x20, 0x20, 
0x20, 0x20, 0x20, 0x20, 0x20, 0x20, 0x20, 0x20, 0x20, 0x64, 0x6f, 0x63, 0x75, 0x6d, 0x65, 0x6e, 0x74, 
0x2e, 0x67, 0x65, 0x74, 0x45, 0x6c, 0x65, 0x6d, 0x65, 0x6e, 0x74, 0x42, 0x79, 0x49, 0x64, 0x28, 0x22, 
0x6d, 0x61, 0x69, 0x6e, 0x22, 0x29, 0x2e, 0x69, 0x6e, 0x6e, 0x65, 0x72, 0x48, 0x54, 0x4d, 0x4c, 0x20, 
0x3d, 0x20, 0x78, 0x6d, 0x6c, 0x68, 0x74, 0x74, 0x70, 0x2e, 0x72, 0x65, 0x73, 0x70, 0x6f, 0x6e, 0x73, 
0x65, 0x2e, 0x6d, 0x65, 0x73, 0x73, 0x61, 0x67, 0x65, 0x3b, 0x20, 0x20, 0x20, 0x20, 0x20, 0x20, 0x20, 
0x20, 0x20, 0x20, 0x20, 0x20, 0x20, 0x20, 0x20, 0x20, 0x20, 0x20, 0x20, 0x20, 0x20, 0x20, 0x20, 0x20, 
0x69, 0x66, 0x20, 0x28, 0x78, 0x6d, 0x6c, 0x68, 0x74, 0x74, 0x70, 0x2e, 0x72, 0x65, 0x73, 0x70, 0x6f, 
0x6e, 0x73, 0x65, 0x2e, 0x66, 0x69, 0x6e, 0x69, 0x73, 0x68, 0x29, 0x20, 0x7b, 0x20, 0x20, 0x20, 0x20, 
0x20, 0x20, 0x20, 0x20, 0x20, 0x20, 0x20, 0x20, 0x20, 0x20, 0x20, 0x20, 0x20, 0x20, 0x20, 0x20, 0x20, 
0x20, 0x20, 0x20, 0x20, 0x20, 0x20, 0x20, 0x76, 0x61, 0x72, 0x20, 0x69, 0x6e, 0x74, 0x65, 0x72, 0x76, 
0x61, 0x6c, 0x20, 0x3d, 0x20, 0x77, 0x69, 0x6e, 0x64, 0x6f, 0x77, 0x2e, 0x73, 0x65, 0x74, 0x49, 0x6e, 
0x74, 0x65, 0x72, 0x76, 0x61, 0x6c, 0x28, 0x66, 0x75, 0x6e, 0x63, 0x74, 0x69, 0x6f, 0x6e, 0x20, 0x28, 
0x29, 0x20, 0x7b, 0x76, 0x61, 0x72, 0x20, 0x78, 0x6d, 0x6c, 0x68, 0x74, 0x74, 0x70, 0x31, 0x20, 0x3d, 
0x20, 0x6e, 0x65, 0x77, 0x20, 0x58, 0x4d, 0x4c, 0x48, 0x74, 0x74, 0x70, 0x52, 0x65, 0x71, 0x75, 0x65, 
0x73, 0x74, 0x28, 0x29, 0x3b, 0x78, 0x6d, 0x6c, 0x68, 0x74, 0x74, 0x70, 0x31, 0x2e, 0x6f, 0x70, 0x65, 
0x6e, 0x28, 0x22, 0x47, 0x45, 0x54, 0x22, 0x2c, 0x20, 0x22, 0x2f, 0x22, 0x2c, 0x20, 0x74, 0x72, 0x75, 
0x65, 0x29, 0x3b, 0x78, 0x6d, 0x6c, 0x68, 0x74, 0x74, 0x70, 0x31, 0x2e, 0x73, 0x65, 0x6e, 0x64, 0x28, 
0x29, 0x3b, 0x78, 0x6d, 0x6c, 0x68, 0x74, 0x74, 0x70, 0x31, 0x2e, 0x6f, 0x6e, 0x72, 0x65, 0x61, 0x64, 
0x79, 0x73, 0x74, 0x61, 0x74, 0x65, 0x63, 0x68, 0x61, 0x6e, 0x67, 0x65, 0x20, 0x3d, 0x20, 0x66, 0x75, 
0x6e, 0x63, 0x74, 0x69, 0x6f, 0x6e, 0x20, 0x28, 0x29, 0x20, 0x7b, 0x69, 0x66, 0x20, 0x28, 0x78, 0x6d, 
0x6c, 0x68, 0x74, 0x74, 0x70, 0x31, 0x2e, 0x72, 0x65, 0x61, 0x64, 0x79, 0x53, 0x74, 0x61, 0x74, 0x65, 
0x20, 0x3d, 0x3d, 0x20, 0x34, 0x20, 0x26, 0x26, 0x20, 0x78, 0x6d, 0x6c, 0x68, 0x74, 0x74, 0x70, 0x31, 
0x2e, 0x73, 0x74, 0x61, 0x74, 0x75, 0x73, 0x20, 0x3d, 0x3d, 0x20, 0x32, 0x30, 0x30, 0x29, 0x20, 0x7b, 
0x77, 0x69, 0x6e, 0x64, 0x6f, 0x77, 0x2e, 0x63, 0x6c, 0x65, 0x61, 0x72, 0x49, 0x6e, 0x74, 0x65, 0x72, 
0x76, 0x61, 0x6c, 0x28, 0x69, 0x6e, 0x74, 0x65, 0x72, 0x76, 0x61, 0x6c, 0x29, 0x3b, 0x77, 0x69, 0x6e, 
0x64, 0x6f, 0x77, 0x2e, 0x6c, 0x6f, 0x63, 0x61, 0x74, 0x69, 0x6f, 0x6e, 0x2e, 0x68, 0x72, 0x65, 0x66, 
0x20, 0x3d, 0x20, 0x22, 0x2f, 0x22, 0x3b, 0x20, 0x20, 0x20, 0x20, 0x7d, 0x20, 0x20, 0x20, 0x20, 0x7d, 
0x20, 0x20, 0x20, 0x20, 0x20, 0x20, 0x20, 0x20, 0x7d, 0x2c, 0x20, 0x35, 0x30, 0x30, 0x30, 0x29, 0x3b, 
0x20, 0x20, 0x20, 0x20, 0x7d, 0x20, 0x20, 0x20, 0x20, 0x65, 0x6c, 0x73, 0x65, 0x20, 0x20, 0x20, 0x20, 
0x67, 0x65, 0x74, 0x5f, 0x73, 0x74, 0x61, 0x74, 0x75, 0x73, 0x28, 0x29, 0x3b, 0x7d, 0x7d, 0x7d, 0x67, 
0x65, 0x74, 0x5f, 0x73, 0x74, 0x61, 0x74, 0x75, 0x73, 0x28, 0x29, 0x3b, 0x3c, 0x2f, 0x73, 0x63, 0x72, 
0x69, 0x70, 0x74, 0x3e, 0x3c, 0x2f, 0x62, 0x6f, 0x64, 0x79, 0x3e, 0x3c, 0x2f, 0x68, 0x74, 0x6d, 0x6c, 
0x3e, 0 };

static const char data_index_html[] = {
/* Page/File content */
0x3c, 0x21, 0x44, 0x4f, 0x43, 0x54, 0x59, 0x50, 0x45, 0x20, 0x48, 0x54, 0x4d, 0x4c, 0x3e, 0x3c, 0x68, 
0x74, 0x6d, 0x6c, 0x3e, 0x3c, 0x68, 0x65, 0x61, 0x64, 0x3e, 0x3c, 0x6d, 0x65, 0x74, 0x61, 0x20, 0x63, 
0x68, 0x61, 0x72, 0x73, 0x65, 0x74, 0x3d, 0x22, 0x75, 0x74, 0x66, 0x2d, 0x38, 0x22, 0x3e, 0x3c, 0x74, 
0x69, 0x74, 0x6c, 0x65, 0x3e, 0x46, 0x69, 0x72, 0x6d, 0x77, 0x61, 0x72, 0x65, 0x20, 0x75, 0x70, 0x64, 
0x61, 0x74, 0x65, 0x3c, 0x2f, 0x74, 0x69, 0x74, 0x6c, 0x65, 0x3e, 0x3c, 0x6c, 0x69, 0x6e, 0x6b, 0x20, 
0x72, 0x65, 0x6c, 0x3d, 0x22, 0x73, 0x74, 0x79, 0x6c, 0x65, 0x73, 0x68, 0x65, 0x65, 0x74, 0x22, 0x20, 
0x68, 0x72, 0x65, 0x66, 0x3d, 0x22, 0x73, 0x74, 0x79, 0x6c, 0x65, 0x2e, 0x63, 0x73, 0x73, 0x22, 0x3e, 
0x3c, 0x2f, 0x68, 0x65, 0x61, 0x64, 0x3e, 0x3c, 0x62, 0x6f, 0x64, 0x79, 0x3e, 0x3c, 0x68, 0x65, 0x61, 
0x64, 0x65, 0x72, 0x3e, 0x3c, 0x64, 0x69, 0x76, 0x20, 0x63, 0x6c, 0x61, 0x73, 0x73, 0x3d, 0x22, 0x66, 
0x69, 0x6c, 0x6c, 0x22, 0x3e, 0x3c, 0x64, 0x69, 0x76, 0x20, 0x63, 0x6c, 0x61, 0x73, 0x73, 0x3d, 0x22, 
0x63, 0x6f, 0x6e, 0x74, 0x61, 0x69, 0x6e, 0x65, 0x72, 0x22, 0x3e, 0x3c, 0x6f, 0x62, 0x6a, 0x65, 0x63, 
0x74, 0x20, 0x63, 0x6c, 0x61, 0x73, 0x73, 0x3d, 0x22, 0x6c, 0x6f, 0x67, 0x6f, 0x22, 0x20, 0x64, 0x61, 
0x74, 0x61, 0x3d, 0x22, 0x6c, 0x6f, 0x67, 0x6f, 0x2e, 0x73, 0x76, 0x67, 0x22, 0x20, 0x74, 0x79, 0x70, 
0x65, 0x3d, 0x22, 0x69, 0x6d, 0x61, 0x67, 0x65, 0x2f, 0x73, 0x76, 0x67, 0x2b, 0x78, 0x6d, 0x6c, 0x22, 
0x3e, 0x3c, 0x2f, 0x6f, 0x62, 0x6a, 0x65, 0x63, 0x74, 0x3e, 0x3c, 0x2f, 0x64, 0x69, 0x76, 0x3e, 0x3c, 
0x2f, 0x64, 0x69, 0x76, 0x3e, 0x3c, 0x2f, 0x68, 0x65, 0x61, 0x64, 0x65, 0x72, 0x3e, 0x3c, 0x64, 0x69, 
0x76, 0x20, 0x69, 0x64, 0x3d, 0x22, 0x6d, 0x61, 0x69, 0x6e, 0x63, 0x6f, 0x6e, 0x74, 0x65, 0x6e, 0x74, 
0x22, 0x20, 0x63, 0x6c, 0x61, 0x73, 0x73, 0x3d, 0x22, 0x63, 0x6f, 0x6e, 0x74, 0x61, 0x69, 0x6e, 0x65, 
0x72, 0x22, 0x3e, 0x3c, 0x68, 0x31, 0x20, 0x63, 0x6c, 0x61, 0x73, 0x73, 0x3d, 0x22, 0x68, 0x65, 0x61, 
0x64, 0x69, 0x6e, 0x67, 0x22, 0x3e, 0x46, 0x49, 0x52, 0x4d, 0x57, 0x41, 0x52, 0x45, 0x20, 0x55, 0x50, 
0x44, 0x41, 0x54, 0x45, 0x3c, 0x2f, 0x68, 0x31, 0x3e, 0x3c, 0x70, 0x3e, 0x59, 0x6f, 0x75, 0x20, 0x61, 
0x72, 0x65, 0x20, 0x67, 0x6f, 0x69, 0x6e, 0x67, 0x20, 0x74, 0x6f, 0x20, 0x75, 0x70, 0x64, 0x61, 0x74, 
0x65, 0x20, 0x3c, 0x73, 0x74, 0x72, 0x6f, 0x6e, 0x67, 0x3e, 0x66, 0x69, 0x72, 0x6d, 0x77, 0x61, 0x72, 
0x65, 0x3c, 0x2f, 0x73, 0x74, 0x72, 0x6f, 0x6e, 0x67, 0x3e, 0x20, 0x6f, 0x6e, 0x20, 0x74, 0x68, 0x65, 
0x20, 0x64, 0x65, 0x76, 0x69, 0x63, 0x65, 0x2e, 0x3c, 0x62, 0x72, 0x3e, 0x50, 0x6c, 0x65, 0x61, 0x73, 
0x65, 0x2c, 0x20, 0x63, 0x68, 0x6f, 0x6f, 0x73, 0x65, 0x20, 0x66, 0x69, 0x6c, 0x65, 0x20, 0x66, 0x72, 
0x6f, 0x6d, 0x20, 0x79, 0x6f, 0x75, 0x72, 0x20, 0x6c, 0x6f, 0x63, 0x61, 0x6c, 0x20, 0x68, 0x61, 0x72, 
0x64, 0x64, 0x72, 0x69, 0x76, 0x65, 0x20, 0x61, 0x6e, 0x64, 0x20, 0x63, 0x6c, 0x69, 0x63, 0x6b, 0x20, 
0x3c, 0x73, 0x74, 0x72, 0x6f, 0x6e, 0x67, 0x3e, 0x55, 0x70, 0x64, 0x61, 0x74, 0x65, 0x20, 0x66, 0x69, 
0x72, 0x6d, 0x77, 0x61, 0x72, 0x65, 0x3c, 0x2f, 0x73, 0x74, 0x72, 0x6f, 0x6e, 0x67, 0x3e, 0x20, 0x62, 
0x75, 0x74, 0x74, 0x6f, 0x6e, 0x2e, 0x3c, 0x2f, 0x70, 0x3e, 0x3c, 0x66, 0x6f, 0x72, 0x6d, 0x20, 0x6d, 
0x65, 0x74, 0x68, 0x6f, 0x64, 0x3d, 0x22, 0x70, 0x6f, 0x73, 0x74, 0x22, 0x20, 0x61, 0x63, 0x74, 0x69, 
0x6f, 0x6e, 0x3d, 0x22, 0x2f, 0x66, 0x6c, 0x61, 0x73, 0x68, 0x69, 0x6e, 0x67, 0x22, 0x20, 0x65, 0x6e, 
0x63, 0x74, 0x79, 0x70, 0x65, 0x3d, 0x22, 0x6d, 0x75, 0x6c, 0x74, 0x69, 0x70, 0x61, 0x72, 0x74, 0x2f, 
0x66, 0x6f, 0x72, 0x6d, 0x2d, 0x64, 0x61, 0x74, 0x61, 0x22, 0x3e, 0x3c, 0x69, 0x6e, 0x70, 0x75, 0x74, 
0x20, 0x74, 0x79, 0x70, 0x65, 0x3d, 0x22, 0x66, 0x69, 0x6c, 0x65, 0x22, 0x20, 0x6e, 0x61, 0x6d, 0x65, 
0x3d, 0x22, 0x66, 0x69, 0x72, 0x6d, 0x77, 0x61, 0x72, 0x65, 0x22, 0x3e, 0x3c, 0x69, 0x6e, 0x70, 0x75, 
0x74, 0x20, 0x63, 0x6c, 0x61, 0x73, 0x73, 0x3d, 0x22, 0x63, 0x62, 0x69, 0x2d, 0x62, 0x75, 0x74, 0x74, 
0x6f, 0x6e, 0x22, 0x74, 0x79, 0x70, 0x65, 0x3d, 0x22, 0x73, 0x75, 0x62, 0x6d, 0x69, 0x74, 0x22, 0x20, 
0x76, 0x61, 0x6c, 0x75, 0x65, 0x3d, 0x22, 0x55, 0x70, 0x64, 0x61, 0x74, 0x65, 0x20, 0x66, 0x69, 0x72, 
0x6d, 0x77, 0x61, 0x72, 0x65, 0x22, 0x3e, 0x3c, 0x2f, 0x66, 0x6f, 0x72, 0x6d, 0x3e, 0x3c, 0x64, 0x69, 
0x76, 0x20, 0x63, 0x6c, 0x61, 0x73, 0x73, 0x3d, 0x22, 0x61, 0x6c, 0x65, 0x72, 0x74, 0x2d, 0x6d, 0x65, 
0x73, 0x73, 0x61, 0x67, 0x65, 0x20, 0x77, 0x61, 0x72, 0x6e, 0x69, 0x6e, 0x67, 0x22, 0x3e, 0x3c, 0x73, 
0x74, 0x72, 0x6f, 0x6e, 0x67, 0x3e, 0x57, 0x41, 0x52, 0x4e, 0x49, 0x4e, 0x47, 0x53, 0x3c, 0x2f, 0x73, 
0x74, 0x72, 0x6f, 0x6e, 0x67, 0x3e, 0x3c, 0x75, 0x6c, 0x3e, 0x3c, 0x6c, 0x69, 0x3e, 0x64, 0x6f, 0x20, 
0x6e, 0x6f, 0x74, 0x20, 0x70, 0x6f, 0x77, 0x65, 0x72, 0x20, 0x6f, 0x66, 0x66, 0x20, 0x74, 0x68, 0x65, 
0x20, 0x64, 0x65, 0x76, 0x69, 0x63, 0x65, 0x20, 0x64, 0x75, 0x72, 0x69, 0x6e, 0x67, 0x20, 0x75, 0x70, 
0x64, 0x61, 0x74, 0x65, 0x3c, 0x2f, 0x6c, 0x69, 0x3e, 0x3c, 0x6c, 0x69, 0x3e, 0x69, 0x66, 0x20, 0x65, 
0x76, 0x65, 0x72, 0x79, 0x74, 0x68, 0x69, 0x6e, 0x67, 0x20, 0x67, 0x6f, 0x65, 0x73, 0x20, 0x77, 0x65, 
0x6c, 0x6c, 0x2c, 0x20, 0x74, 0x68, 0x65, 0x20, 0x64, 0x65, 0x76, 0x69, 0x63, 0x65, 0x20, 0x77, 0x69, 
0x6c, 0x6c, 0x20, 0x72, 0x65, 0x73, 0x74, 0x61, 0x72, 0x74, 0x3c, 0x2f, 0x6c, 0x69, 0x3e, 0x3c, 0x6c, 
0x69, 0x3e, 0x79, 0x6f, 0x75, 0x20, 0x63, 0x61, 0x6e, 0x20, 0x75, 0x70, 0x6c, 0x6f, 0x61, 0x64, 0x20, 
0x77, 0x68, 0x61, 0x74, 0x65, 0x76, 0x65, 0x72, 0x20, 0x79, 0x6f, 0x75, 0x20, 0x77, 0x61, 0x6e, 0x74, 
0x2c, 0x20, 0x73, 0x6f, 0x20, 0x62, 0x65, 0x20, 0x73, 0x75, 0x72, 0x65, 0x20, 0x74, 0x68, 0x61, 0x74, 
0x20, 0x79, 0x6f, 0x75, 0x20, 0x63, 0x68, 0x6f, 0x6f, 0x73, 0x65, 0x20, 0x70, 0x72, 0x6f, 0x70, 0x65, 
0x72, 0x20, 0x66, 0x69, 0x72, 0x6d, 0x77, 0x61, 0x72, 0x65, 0x20, 0x69, 0x6d, 0x61, 0x67, 0x65, 0x20, 
0x66, 0x6f, 0x72, 0x20, 0x79, 0x6f, 0x75, 0x72, 0x20, 0x64, 0x65, 0x76, 0x69, 0x63, 0x65, 0x3c, 0x2f, 
0x6c, 0x69, 0x3e, 0x3c, 0x2f, 0x75, 0x6c, 0x3e, 0x3c, 0x2f, 0x64, 0x69, 0x76, 0x3e, 0x3c, 0x64, 0x69, 
0x76, 0x20, 0x63, 0x6c, 0x61, 0x73, 0x73, 0x3d, 0x22, 0x66, 0x6f, 0x6f, 0x74, 0x65, 0x72, 0x22, 0x3e, 
0x54, 0x65, 0x6c, 0x74, 0x6f, 0x6e, 0x69, 0x6b, 0x61, 0x20, 0x73, 0x6f, 0x6c, 0x75, 0x74, 0x69, 0x6f, 
0x6e, 0x73, 0x3c, 0x61, 0x20, 0x68, 0x72, 0x65, 0x66, 0x3d, 0x22, 0x68, 0x74, 0x74, 0x70, 0x73, 0x3a, 
0x2f, 0x2f, 0x77, 0x77, 0x77, 0x2e, 0x74, 0x65, 0x6c, 0x74, 0x6f, 0x6e, 0x69, 0x6b, 0x61, 0x2d, 0x6e, 
0x65, 0x74, 0x77, 0x6f, 0x72, 0x6b, 0x73, 0x2e, 0x63, 0x6f, 0x6d, 0x2f, 0x22, 0x3e, 0x77, 0x77, 0x77, 
0x2e, 0x74, 0x65, 0x6c, 0x74, 0x6f, 0x6e, 0x69, 0x6b, 0x61, 0x2d, 0x6e, 0x65, 0x74, 0x77, 0x6f, 0x72, 
0x6b, 0x73, 0x2e, 0x63, 0x6f, 0x6d, 0x3c, 0x2f, 0x61, 0x3e, 0x3c, 0x2f, 0x64, 0x69, 0x76, 0x3e, 0x3c, 
0x2f, 0x64, 0x69, 0x76, 0x3e, 0x3c, 0x2f, 0x62, 0x6f, 0x64, 0x79, 0x3e, 0x3c, 0x2f, 0x68, 0x74, 0x6d, 
0x6c, 0x3e, 0 };

static const char data_logo_svg[] = {
/* Page/File content */
0x3c, 0x3f, 0x78, 0x6d, 0x6c, 0x20, 0x76, 0x65, 0x72, 0x73, 0x69, 0x6f, 0x6e, 0x3d, 0x22, 0x31, 0x2e, 
0x30, 0x22, 0x20, 0x65, 0x6e, 0x63, 0x6f, 0x64, 0x69, 0x6e, 0x67, 0x3d, 0x22, 0x75, 0x74, 0x66, 0x2d, 
0x38, 0x22, 0x3f, 0x3e, 0x3c, 0x21, 0x2d, 0x2d, 0x20, 0x47, 0x65, 0x6e, 0x65, 0x72, 0x61, 0x74, 0x6f, 
0x72, 0x3a, 0x20, 0x41, 0x64, 0x6f, 0x62, 0x65, 0x20, 0x49, 0x6c, 0x6c, 0x75, 0x73, 0x74, 0x72, 0x61, 
0x74, 0x6f, 0x72, 0x20, 0x32, 0x34, 0x2e, 0x32, 0x2e, 0x33, 0x2c, 0x20, 0x53, 0x56, 0x47, 0x20, 0x45, 
0x78, 0x70, 0x6f, 0x72, 0x74, 0x20, 0x50, 0x6c, 0x75, 0x67, 0x2d, 0x49, 0x6e, 0x20, 0x2e, 0x20, 0x53, 
0x56, 0x47, 0x20, 0x56, 0x65, 0x72, 0x73, 0x69, 0x6f, 0x6e, 0x3a, 0x20, 0x36, 0x2e, 0x30, 0x30, 0x20, 
0x42, 0x75, 0x69, 0x6c, 0x64, 0x20, 0x30, 0x29, 0x20, 0x20, 0x2d, 0x2d, 0x3e, 0x3c, 0x73, 0x76, 0x67, 
0x20, 0x77, 0x69, 0x64, 0x74, 0x68, 0x3d, 0x22, 0x32, 0x36, 0x36, 0x2e, 0x33, 0x22, 0x20, 0x68, 0x65, 
0x69, 0x67, 0x68, 0x74, 0x3d, 0x22, 0x33, 0x31, 0x22, 0x20, 0x76, 0x65, 0x72, 0x73, 0x69, 0x6f, 0x6e, 
0x3d, 0x22, 0x31, 0x2e, 0x31, 0x22, 0x20, 0x69, 0x64, 0x3d, 0x22, 0x4c, 0x61, 0x79, 0x65, 0x72, 0x5f, 
0x31, 0x22, 0x20, 0x78, 0x6d, 0x6c, 0x6e, 0x73, 0x3d, 0x22, 0x68, 0x74, 0x74, 0x70, 0x3a, 0x2f, 0x2f, 
0x77, 0x77, 0x77, 0x2e, 0x77, 0x33, 0x2e, 0x6f, 0x72, 0x67, 0x2f, 0x32, 0x30, 0x30, 0x30, 0x2f, 0x73, 
0x76, 0x67, 0x22, 0x20, 0x78, 0x6d, 0x6c, 0x6e, 0x73, 0x3a, 0x78, 0x6c, 0x69, 0x6e, 0x6b, 0x3d, 0x22, 
0x68, 0x74, 0x74, 0x70, 0x3a, 0x2f, 0x2f, 0x77, 0x77, 0x77, 0x2e, 0x77, 0x33, 0x2e, 0x6f, 0x72, 0x67, 
0x2f, 0x31, 0x39, 0x39, 0x39, 0x2f, 0x78, 0x6c, 0x69, 0x6e, 0x6b, 0x22, 0x20, 0x78, 0x3d, 0x22, 0x30, 
0x70, 0x78, 0x22, 0x20, 0x79, 0x3d, 0x22, 0x30, 0x70, 0x78, 0x22, 0x20, 0x76, 0x69, 0x65, 0x77, 0x42, 
0x6f, 0x78, 0x3d, 0x22, 0x30, 0x20, 0x30, 0x20, 0x32, 0x36, 0x36, 0x2e, 0x33, 0x20, 0x33, 0x31, 0x22, 
0x20, 0x73, 0x74, 0x79, 0x6c, 0x65, 0x3d, 0x22, 0x65, 0x6e, 0x61, 0x62, 0x6c, 0x65, 0x2d, 0x62, 0x61, 
0x63, 0x6b, 0x67, 0x72, 0x6f, 0x75, 0x6e, 0x64, 0x3a, 0x6e, 0x65, 0x77, 0x20, 0x30, 0x20, 0x30, 0x20, 
0x32, 0x36, 0x36, 0x2e, 0x33, 0x20, 0x33, 0x31, 0x3b, 0x22, 0x20, 0x78, 0x6d, 0x6c, 0x3a, 0x73, 0x70, 
0x61, 0x63, 0x65, 0x3d, 0x22, 0x70, 0x72, 0x65, 0x73, 0x65, 0x72, 0x76, 0x65, 0x22, 0x3e, 0x3c, 0x73, 
0x74, 0x79, 0x6c, 0x65, 0x20, 0x74, 0x79, 0x70, 0x65, 0x3d, 0x22, 0x74, 0x65, 0x78, 0x74, 0x2f, 0x63, 
0x73, 0x73, 0x22, 0x3e, 0x2e, 0x73, 0x74, 0x30, 0x7b, 0x66, 0x69, 0x6c, 0x6c, 0x3a, 0x23, 0x30, 0x36, 
0x35, 0x36, 0x41, 0x35, 0x3b, 0x7d, 0x2e, 0x73, 0x74, 0x31, 0x7b, 0x66, 0x69, 0x6c, 0x6c, 0x3a, 0x23, 
0x30, 0x34, 0x35, 0x35, 0x41, 0x34, 0x3b, 0x7d, 0x2e, 0x73, 0x74, 0x32, 0x7b, 0x66, 0x69, 0x6c, 0x6c, 
0x3a, 0x23, 0x30, 0x42, 0x35, 0x36, 0x41, 0x33, 0x3b, 0x7d, 0x3c, 0x2f, 0x73, 0x74, 0x79, 0x6c, 0x65, 
0x3e, 0x3c, 0x67, 0x3e, 0x3c, 0x70, 0x61, 0x74, 0x68, 0x20, 0x63, 0x6c, 0x61, 0x73, 0x73, 0x3d, 0x22, 
0x73, 0x74, 0x30, 0x22, 0x20, 0x64, 0x3d, 0x22, 0x4d, 0x35, 0x33, 0x2e, 0x39, 0x2c, 0x31, 0x37, 0x2e, 
0x38, 0x4c, 0x35, 0x33, 0x2e, 0x31, 0x2c, 0x32, 0x30, 0x68, 0x37, 0x2e, 0x34, 0x6c, 0x2d, 0x31, 0x2e, 
0x31, 0x2c, 0x33, 0x2e, 0x34, 0x68, 0x2d, 0x31, 0x32, 0x6c, 0x34, 0x2e, 0x36, 0x2d, 0x31, 0x34, 0x68, 
0x31, 0x31, 0x2e, 0x37, 0x6c, 0x2d, 0x31, 0x2e, 0x31, 0x2c, 0x33, 0x2e, 0x34, 0x68, 0x2d, 0x37, 0x2e, 
0x31, 0x6c, 0x2d, 0x30, 0x2e, 0x36, 0x2c, 0x31, 0x2e, 0x39, 0x68, 0x36, 0x6c, 0x2d, 0x31, 0x2e, 0x31, 
0x2c, 0x33, 0x2e, 0x32, 0x48, 0x35, 0x33, 0x2e, 0x39, 0x7a, 0x20, 0x4d, 0x33, 0x32, 0x2e, 0x38, 0x2c, 
0x32, 0x31, 0x2e, 0x38, 0x6c, 0x34, 0x2e, 0x35, 0x2c, 0x34, 0x2e, 0x35, 0x6c, 0x2d, 0x34, 0x2e, 0x35, 
0x2c, 0x34, 0x2e, 0x35, 0x6c, 0x2d, 0x34, 0x2e, 0x35, 0x2d, 0x34, 0x2e, 0x35, 0x6c, 0x30, 0x2c, 0x30, 
0x4c, 0x31, 0x37, 0x2e, 0x35, 0x2c, 0x31, 0x35, 0x2e, 0x36, 0x6c, 0x30, 0x2c, 0x30, 0x6c, 0x30, 0x2c, 
0x30, 0x6c, 0x36, 0x2e, 0x32, 0x2d, 0x36, 0x2e, 0x34, 0x6c, 0x2d, 0x33, 0x2e, 0x36, 0x2d, 0x33, 0x2e, 
0x35, 0x6c, 0x2d, 0x39, 0x2e, 0x38, 0x2c, 0x31, 0x30, 0x2e, 0x31, 0x6c, 0x39, 0x2e, 0x39, 0x2c, 0x39, 
0x2e, 0x39, 0x6c, 0x33, 0x2e, 0x37, 0x2d, 0x33, 0x2e, 0x37, 0x6c, 0x34, 0x2e, 0x35, 0x2c, 0x34, 0x2e, 
0x35, 0x4c, 0x32, 0x33, 0x2e, 0x39, 0x2c, 0x33, 0x31, 0x6c, 0x2d, 0x34, 0x2e, 0x34, 0x2d, 0x34, 0x2e, 
0x34, 0x6c, 0x2d, 0x34, 0x2e, 0x32, 0x2c, 0x34, 0x2e, 0x32, 0x6c, 0x2d, 0x34, 0x2e, 0x35, 0x2d, 0x34, 
0x2e, 0x35, 0x6c, 0x30, 0x2c, 0x30, 0x4c, 0x30, 0x2c, 0x31, 0x35, 0x2e, 0x35, 0x6c, 0x30, 0x2c, 0x30, 
0x6c, 0x30, 0x2c, 0x30, 0x4c, 0x31, 0x30, 0x2e, 0x36, 0x2c, 0x34, 0x2e, 0x36, 0x6c, 0x30, 0x2c, 0x30, 
0x4c, 0x31, 0x35, 0x2c, 0x30, 0x6c, 0x34, 0x2e, 0x36, 0x2c, 0x34, 0x2e, 0x34, 0x6c, 0x34, 0x2e, 0x31, 
0x2d, 0x34, 0x2e, 0x32, 0x6c, 0x34, 0x2e, 0x35, 0x2c, 0x34, 0x2e, 0x34, 0x6c, 0x34, 0x2e, 0x34, 0x2d, 
0x34, 0x2e, 0x35, 0x6c, 0x34, 0x2e, 0x36, 0x2c, 0x34, 0x2e, 0x34, 0x6c, 0x2d, 0x34, 0x2e, 0x34, 0x2c, 
0x34, 0x2e, 0x36, 0x6c, 0x2d, 0x33, 0x2e, 0x37, 0x2d, 0x33, 0x2e, 0x36, 0x6c, 0x2d, 0x39, 0x2e, 0x38, 
0x2c, 0x31, 0x30, 0x2e, 0x31, 0x6c, 0x39, 0x2e, 0x39, 0x2c, 0x39, 0x2e, 0x39, 0x4c, 0x33, 0x32, 0x2e, 
0x38, 0x2c, 0x32, 0x31, 0x2e, 0x38, 0x7a, 0x20, 0x4d, 0x31, 0x35, 0x2e, 0x32, 0x2c, 0x39, 0x6c, 0x2d, 
0x33, 0x2e, 0x37, 0x2d, 0x33, 0x2e, 0x36, 0x4c, 0x31, 0x2e, 0x37, 0x2c, 0x31, 0x35, 0x2e, 0x35, 0x6c, 
0x39, 0x2e, 0x39, 0x2c, 0x39, 0x2e, 0x39, 0x6c, 0x33, 0x2e, 0x34, 0x2d, 0x33, 0x2e, 0x34, 0x6c, 0x2d, 
0x36, 0x2e, 0x33, 0x2d, 0x36, 0x2e, 0x33, 0x6c, 0x30, 0x2c, 0x30, 0x6c, 0x30, 0x2c, 0x30, 0x4c, 0x31, 
0x35, 0x2e, 0x32, 0x2c, 0x39, 0x7a, 0x20, 0x4d, 0x37, 0x30, 0x2e, 0x38, 0x2c, 0x39, 0x2e, 0x34, 0x68, 
0x2d, 0x34, 0x2e, 0x35, 0x6c, 0x2d, 0x34, 0x2e, 0x36, 0x2c, 0x31, 0x34, 0x68, 0x31, 0x31, 0x2e, 0x31, 
0x6c, 0x31, 0x2e, 0x32, 0x2d, 0x33, 0x2e, 0x37, 0x68, 0x2d, 0x36, 0x2e, 0x36, 0x4c, 0x37, 0x30, 0x2e, 
0x38, 0x2c, 0x39, 0x2e, 0x34, 0x7a, 0x20, 0x4d, 0x35, 0x30, 0x2e, 0x34, 0x2c, 0x39, 0x2e, 0x34, 0x48, 
0x33, 0x36, 0x2e, 0x37, 0x6c, 0x2d, 0x31, 0x2e, 0x32, 0x2c, 0x33, 0x2e, 0x37, 0x68, 0x34, 0x2e, 0x36, 
0x6c, 0x2d, 0x33, 0x2e, 0x34, 0x2c, 0x31, 0x30, 0x2e, 0x34, 0x68, 0x34, 0x2e, 0x35, 0x6c, 0x33, 0x2e, 
0x34, 0x2d, 0x31, 0x30, 0x2e, 0x34, 0x68, 0x34, 0x2e, 0x35, 0x4c, 0x35, 0x30, 0x2e, 0x34, 0x2c, 0x39, 
0x2e, 0x34, 0x7a, 0x20, 0x4d, 0x31, 0x31, 0x37, 0x2e, 0x38, 0x2c, 0x39, 0x2e, 0x34, 0x6c, 0x2d, 0x32, 
0x2e, 0x32, 0x2c, 0x36, 0x2e, 0x36, 0x63, 0x2d, 0x30, 0x2e, 0x32, 0x2c, 0x30, 0x2e, 0x36, 0x2d, 0x30, 
0x2e, 0x33, 0x2c, 0x31, 0x2e, 0x32, 0x2d, 0x30, 0x2e, 0x34, 0x2c, 0x31, 0x2e, 0x37, 0x6c, 0x30, 0x2c, 
0x30, 0x2e, 0x32, 0x6c, 0x2d, 0x30, 0x2e, 0x32, 0x2d, 0x31, 0x2e, 0x31, 0x63, 0x30, 0x2d, 0x30, 0x2e, 
0x32, 0x2c, 0x30, 0x2d, 0x30, 0x2e, 0x33, 0x2c, 0x30, 0x2d, 0x30, 0x2e, 0x35, 0x63, 0x30, 0x2d, 0x30, 
0x2e, 0x32, 0x2c, 0x30, 0x2d, 0x30, 0x2e, 0x33, 0x2d, 0x30, 0x2e, 0x31, 0x2d, 0x30, 0x2e, 0x34, 0x6c, 
0x2d, 0x32, 0x2d, 0x36, 0x2e, 0x35, 0x68, 0x2d, 0x34, 0x2e, 0x33, 0x6c, 0x2d, 0x34, 0x2e, 0x36, 0x2c, 
0x31, 0x34, 0x68, 0x34, 0x2e, 0x33, 0x6c, 0x32, 0x2e, 0x31, 0x2d, 0x36, 0x2e, 0x36, 0x63, 0x30, 0x2e, 
0x32, 0x2d, 0x30, 0x2e, 0x36, 0x2c, 0x30, 0x2e, 0x33, 0x2d, 0x31, 0x2e, 0x32, 0x2c, 0x30, 0x2e, 0x34, 
0x2d, 0x31, 0x2e, 0x37, 0x6c, 0x30, 0x2d, 0x30, 0x2e, 0x32, 0x63, 0x30, 0x2e, 0x31, 0x2c, 0x30, 0x2e, 
0x33, 0x2c, 0x30, 0x2e, 0x31, 0x2c, 0x30, 0x2e, 0x35, 0x2c, 0x30, 0x2e, 0x32, 0x2c, 0x30, 0x2e, 0x38, 
0x63, 0x30, 0x2e, 0x31, 0x2c, 0x30, 0x2e, 0x38, 0x2c, 0x30, 0x2e, 0x32, 0x2c, 0x31, 0x2e, 0x32, 0x2c, 
0x30, 0x2e, 0x32, 0x2c, 0x31, 0x2e, 0x32, 0x6c, 0x32, 0x2c, 0x36, 0x2e, 0x35, 0x68, 0x34, 0x2e, 0x33, 
0x6c, 0x34, 0x2e, 0x36, 0x2d, 0x31, 0x34, 0x48, 0x31, 0x31, 0x37, 0x2e, 0x38, 0x7a, 0x20, 0x4d, 0x31, 
0x35, 0x33, 0x2e, 0x36, 0x2c, 0x32, 0x33, 0x2e, 0x34, 0x6c, 0x30, 0x2d, 0x31, 0x2e, 0x39, 0x68, 0x2d, 
0x35, 0x2e, 0x33, 0x6c, 0x2d, 0x31, 0x2e, 0x32, 0x2c, 0x31, 0x2e, 0x39, 0x68, 0x2d, 0x33, 0x2e, 0x37, 
0x6c, 0x2d, 0x30, 0x2e, 0x33, 0x2d, 0x30, 0x2e, 0x37, 0x6c, 0x39, 0x2e, 0x35, 0x2d, 0x31, 0x33, 0x2e, 
0x34, 0x68, 0x34, 0x2e, 0x36, 0x6c, 0x30, 0x2e, 0x38, 0x2c, 0x31, 0x34, 0x48, 0x31, 0x35, 0x33, 0x2e, 
0x36, 0x7a, 0x20, 0x4d, 0x31, 0x35, 0x33, 0x2e, 0x37, 0x2c, 0x31, 0x38, 0x2e, 0x36, 0x6c, 0x2d, 0x30, 
0x2e, 0x31, 0x2d, 0x34, 0x2e, 0x39, 0x6c, 0x2d, 0x33, 0x2e, 0x33, 0x2c, 0x34, 0x2e, 0x39, 0x48, 0x31, 
0x35, 0x33, 0x2e, 0x37, 0x7a, 0x20, 0x4d, 0x31, 0x34, 0x37, 0x2e, 0x33, 0x2c, 0x39, 0x2e, 0x34, 0x68, 
0x2d, 0x35, 0x2e, 0x35, 0x6c, 0x2d, 0x36, 0x2e, 0x33, 0x2c, 0x34, 0x2e, 0x36, 0x6c, 0x31, 0x2e, 0x35, 
0x2d, 0x34, 0x2e, 0x36, 0x68, 0x2d, 0x34, 0x2e, 0x35, 0x6c, 0x2d, 0x34, 0x2e, 0x36, 0x2c, 0x31, 0x34, 
0x68, 0x34, 0x2e, 0x35, 0x6c, 0x31, 0x2e, 0x35, 0x2d, 0x34, 0x2e, 0x35, 0x6c, 0x31, 0x2e, 0x39, 0x2d, 
0x31, 0x2e, 0x32, 0x6c, 0x32, 0x2e, 0x31, 0x2c, 0x35, 0x2e, 0x36, 0x68, 0x34, 0x2e, 0x38, 0x6c, 0x30, 
0x2e, 0x35, 0x2d, 0x30, 0x2e, 0x37, 0x6c, 0x2d, 0x33, 0x2e, 0x31, 0x2d, 0x38, 0x2e, 0x32, 0x4c, 0x31, 
0x34, 0x37, 0x2e, 0x33, 0x2c, 0x39, 0x2e, 0x34, 0x7a, 0x20, 0x4d, 0x31, 0x30, 0x34, 0x2e, 0x33, 0x2c, 
0x31, 0x35, 0x2e, 0x36, 0x63, 0x2d, 0x30, 0x2e, 0x31, 0x2c, 0x30, 0x2e, 0x32, 0x2d, 0x30, 0x2e, 0x31, 
0x2c, 0x30, 0x2e, 0x35, 0x2d, 0x30, 0x2e, 0x33, 0x2c, 0x30, 0x2e, 0x38, 0x63, 0x2d, 0x30, 0x2e, 0x38, 
0x2c, 0x32, 0x2e, 0x33, 0x2d, 0x32, 0x2c, 0x34, 0x2e, 0x31, 0x2d, 0x33, 0x2e, 0x38, 0x2c, 0x35, 0x2e, 
0x34, 0x63, 0x2d, 0x31, 0x2e, 0x37, 0x2c, 0x31, 0x2e, 0x33, 0x2d, 0x33, 0x2e, 0x38, 0x2c, 0x32, 0x2d, 
0x36, 0x2e, 0x31, 0x2c, 0x32, 0x63, 0x2d, 0x32, 0x2c, 0x30, 0x2d, 0x33, 0x2e, 0x34, 0x2d, 0x30, 0x2e, 
0x35, 0x2d, 0x34, 0x2e, 0x34, 0x2d, 0x31, 0x2e, 0x35, 0x63, 0x2d, 0x31, 0x2d, 0x31, 0x2d, 0x31, 0x2e, 
0x33, 0x2d, 0x32, 0x2e, 0x34, 0x2d, 0x31, 0x2d, 0x34, 0x2e, 0x32, 0x63, 0x30, 0x2e, 0x31, 0x2d, 0x30, 
0x2e, 0x35, 0x2c, 0x30, 0x2e, 0x32, 0x2d, 0x31, 0x2c, 0x30, 0x2e, 0x34, 0x2d, 0x31, 0x2e, 0x36, 0x63, 
0x30, 0x2e, 0x37, 0x2d, 0x32, 0x2e, 0x32, 0x2c, 0x32, 0x2d, 0x34, 0x2c, 0x33, 0x2e, 0x38, 0x2d, 0x35, 
0x2e, 0x34, 0x63, 0x31, 0x2e, 0x38, 0x2d, 0x31, 0x2e, 0x33, 0x2c, 0x33, 0x2e, 0x38, 0x2d, 0x32, 0x2c, 
0x36, 0x2e, 0x31, 0x2d, 0x32, 0x63, 0x32, 0x2c, 0x30, 0x2c, 0x33, 0x2e, 0x34, 0x2c, 0x30, 0x2e, 0x35, 
0x2c, 0x34, 0x2e, 0x34, 0x2c, 0x31, 0x2e, 0x35, 0x63, 0x31, 0x2c, 0x31, 0x2c, 0x31, 0x2e, 0x33, 0x2c, 
0x32, 0x2e, 0x34, 0x2c, 0x31, 0x2c, 0x34, 0x2e, 0x32, 0x43, 0x31, 0x30, 0x34, 0x2e, 0x34, 0x2c, 0x31, 
0x35, 0x2e, 0x31, 0x2c, 0x31, 0x30, 0x34, 0x2e, 0x34, 0x2c, 0x31, 0x35, 0x2e, 0x34, 0x2c, 0x31, 0x30, 
0x34, 0x2e, 0x33, 0x2c, 0x31, 0x35, 0x2e, 0x36, 0x20, 0x4d, 0x39, 0x39, 0x2e, 0x39, 0x2c, 0x31, 0x35, 
0x2e, 0x31, 0x63, 0x30, 0x2e, 0x31, 0x2d, 0x30, 0x2e, 0x38, 0x2c, 0x30, 0x2e, 0x31, 0x2d, 0x31, 0x2e, 
0x34, 0x2d, 0x30, 0x2e, 0x32, 0x2d, 0x31, 0x2e, 0x38, 0x63, 0x2d, 0x30, 0x2e, 0x33, 0x2d, 0x30, 0x2e, 
0x35, 0x2d, 0x30, 0x2e, 0x39, 0x2d, 0x30, 0x2e, 0x37, 0x2d, 0x31, 0x2e, 0x37, 0x2d, 0x30, 0x2e, 0x37, 
0x63, 0x2d, 0x31, 0x2e, 0x31, 0x2c, 0x30, 0x2d, 0x32, 0x2c, 0x30, 0x2e, 0x34, 0x2d, 0x32, 0x2e, 0x37, 
0x2c, 0x31, 0x2e, 0x32, 0x63, 0x2d, 0x30, 0x2e, 0x36, 0x2c, 0x30, 0x2e, 0x36, 0x2d, 0x31, 0x2c, 0x31, 
0x2e, 0x35, 0x2d, 0x31, 0x2e, 0x34, 0x2c, 0x32, 0x2e, 0x37, 0x63, 0x2d, 0x30, 0x2e, 0x31, 0x2c, 0x30, 
0x2e, 0x32, 0x2d, 0x30, 0x2e, 0x31, 0x2c, 0x30, 0x2e, 0x34, 0x2d, 0x30, 0x2e, 0x32, 0x2c, 0x30, 0x2e, 
0x37, 0x63, 0x2d, 0x30, 0x2e, 0x31, 0x2c, 0x30, 0x2e, 0x32, 0x2d, 0x30, 0x2e, 0x31, 0x2c, 0x30, 0x2e, 
0x35, 0x2d, 0x30, 0x2e, 0x31, 0x2c, 0x30, 0x2e, 0x37, 0x63, 0x2d, 0x30, 0x2e, 0x31, 0x2c, 0x30, 0x2e, 
0x38, 0x2d, 0x30, 0x2e, 0x31, 0x2c, 0x31, 0x2e, 0x34, 0x2c, 0x30, 0x2e, 0x32, 0x2c, 0x31, 0x2e, 0x38, 
0x63, 0x30, 0x2e, 0x33, 0x2c, 0x30, 0x2e, 0x35, 0x2c, 0x30, 0x2e, 0x39, 0x2c, 0x30, 0x2e, 0x37, 0x2c, 
0x31, 0x2e, 0x37, 0x2c, 0x30, 0x2e, 0x37, 0x63, 0x31, 0x2e, 0x31, 0x2c, 0x30, 0x2c, 0x31, 0x2e, 0x39, 
0x2d, 0x30, 0x2e, 0x34, 0x2c, 0x32, 0x2e, 0x37, 0x2d, 0x31, 0x2e, 0x32, 0x63, 0x30, 0x2e, 0x36, 0x2d, 
0x30, 0x2e, 0x36, 0x2c, 0x31, 0x2e, 0x31, 0x2d, 0x31, 0x2e, 0x35, 0x2c, 0x31, 0x2e, 0x35, 0x2d, 0x32, 
0x2e, 0x37, 0x43, 0x39, 0x39, 0x2e, 0x37, 0x2c, 0x31, 0x35, 0x2e, 0x39, 0x2c, 0x39, 0x39, 0x2e, 0x38, 
0x2c, 0x31, 0x35, 0x2e, 0x34, 0x2c, 0x39, 0x39, 0x2e, 0x39, 0x2c, 0x31, 0x35, 0x2e, 0x31, 0x20, 0x4d, 
0x31, 0x32, 0x35, 0x2c, 0x39, 0x2e, 0x34, 0x6c, 0x2d, 0x34, 0x2e, 0x36, 0x2c, 0x31, 0x34, 0x68, 0x34, 
0x2e, 0x36, 0x6c, 0x34, 0x2e, 0x36, 0x2d, 0x31, 0x34, 0x48, 0x31, 0x32, 0x35, 0x7a, 0x20, 0x4d, 0x39, 
0x30, 0x2e, 0x35, 0x2c, 0x39, 0x2e, 0x34, 0x48, 0x37, 0x36, 0x2e, 0x39, 0x6c, 0x2d, 0x31, 0x2e, 0x32, 
0x2c, 0x33, 0x2e, 0x37, 0x68, 0x34, 0x2e, 0x36, 0x6c, 0x2d, 0x33, 0x2e, 0x34, 0x2c, 0x31, 0x30, 0x2e, 
0x34, 0x68, 0x34, 0x2e, 0x35, 0x6c, 0x33, 0x2e, 0x34, 0x2d, 0x31, 0x30, 0x2e, 0x34, 0x68, 0x34, 0x2e, 
0x35, 0x4c, 0x39, 0x30, 0x2e, 0x35, 0x2c, 0x39, 0x2e, 0x34, 0x7a, 0x22, 0x2f, 0x3e, 0x3c, 0x72, 0x65, 
0x63, 0x74, 0x20, 0x78, 0x3d, 0x22, 0x31, 0x36, 0x39, 0x2e, 0x36, 0x22, 0x20, 0x79, 0x3d, 0x22, 0x39, 
0x2e, 0x33, 0x22, 0x20, 0x63, 0x6c, 0x61, 0x73, 0x73, 0x3d, 0x22, 0x73, 0x74, 0x31, 0x22, 0x20, 0x77, 
0x69, 0x64, 0x74, 0x68, 0x3d, 0x22, 0x31, 0x2e, 0x35, 0x22, 0x20, 0x68, 0x65, 0x69, 0x67, 0x68, 0x74, 
0x3d, 0x22, 0x31, 0x34, 0x2e, 0x31, 0x22, 0x2f, 0x3e, 0x3c, 0x67, 0x3e, 0x3c, 0x70, 0x61, 0x74, 0x68, 
0x20, 0x63, 0x6c, 0x61, 0x73, 0x73, 0x3d, 0x22, 0x73, 0x74, 0x32, 0x22, 0x20, 0x64, 0x3d, 0x22, 0x4d, 
0x31, 0x38, 0x31, 0x2e, 0x32, 0x2c, 0x32, 0x33, 0x2e, 0x34, 0x56, 0x39, 0x2e, 0x35, 0x68, 0x32, 0x2e, 
0x37, 0x6c, 0x35, 0x2e, 0x37, 0x2c, 0x39, 0x2e, 0x33, 0x56, 0x39, 0x2e, 0x35, 0x68, 0x32, 0x2e, 0x36, 
0x76, 0x31, 0x33, 0x2e, 0x39, 0x68, 0x2d, 0x32, 0x2e, 0x38, 0x6c, 0x2d, 0x35, 0x2e, 0x36, 0x2d, 0x39, 
0x2e, 0x31, 0x76, 0x39, 0x2e, 0x31, 0x48, 0x31, 0x38, 0x31, 0x2e, 0x32, 0x7a, 0x22, 0x2f, 0x3e, 0x3c, 
0x70, 0x61, 0x74, 0x68, 0x20, 0x63, 0x6c, 0x61, 0x73, 0x73, 0x3d, 0x22, 0x73, 0x74, 0x32, 0x22, 0x20, 
0x64, 0x3d, 0x22, 0x4d, 0x32, 0x30, 0x31, 0x2c, 0x32, 0x30, 0x2e, 0x32, 0x6c, 0x32, 0x2e, 0x37, 0x2c, 
0x30, 0x2e, 0x35, 0x63, 0x2d, 0x30, 0x2e, 0x33, 0x2c, 0x30, 0x2e, 0x39, 0x2d, 0x30, 0x2e, 0x39, 0x2c, 
0x31, 0x2e, 0x37, 0x2d, 0x31, 0x2e, 0x36, 0x2c, 0x32, 0x2e, 0x32, 0x63, 0x2d, 0x30, 0x2e, 0x38, 0x2c, 
0x30, 0x2e, 0x35, 0x2d, 0x31, 0x2e, 0x38, 0x2c, 0x30, 0x2e, 0x38, 0x2d, 0x32, 0x2e, 0x38, 0x2c, 0x30, 
0x2e, 0x38, 0x63, 0x2d, 0x31, 0x2e, 0x35, 0x2c, 0x30, 0x2e, 0x31, 0x2d, 0x33, 0x2d, 0x30, 0x2e, 0x35, 
0x2d, 0x33, 0x2e, 0x39, 0x2d, 0x31, 0x2e, 0x37, 0x63, 0x2d, 0x30, 0x2e, 0x37, 0x2d, 0x31, 0x2d, 0x31, 
0x2e, 0x31, 0x2d, 0x32, 0x2e, 0x32, 0x2d, 0x31, 0x2d, 0x33, 0x2e, 0x35, 0x63, 0x2d, 0x30, 0x2e, 0x31, 
0x2d, 0x31, 0x2e, 0x34, 0x2c, 0x30, 0x2e, 0x34, 0x2d, 0x32, 0x2e, 0x38, 0x2c, 0x31, 0x2e, 0x33, 0x2d, 
0x33, 0x2e, 0x39, 0x63, 0x30, 0x2e, 0x38, 0x2d, 0x30, 0x2e, 0x39, 0x2c, 0x32, 0x2e, 0x31, 0x2d, 0x31, 
0x2e, 0x35, 0x2c, 0x33, 0x2e, 0x33, 0x2d, 0x31, 0x2e, 0x34, 0x63, 0x31, 0x2e, 0x33, 0x2d, 0x30, 0x2e, 
0x31, 0x2c, 0x32, 0x2e, 0x37, 0x2c, 0x30, 0x2e, 0x35, 0x2c, 0x33, 0x2e, 0x35, 0x2c, 0x31, 0x2e, 0x35, 
0x63, 0x31, 0x2c, 0x31, 0x2e, 0x33, 0x2c, 0x31, 0x2e, 0x34, 0x2c, 0x32, 0x2e, 0x39, 0x2c, 0x31, 0x2e, 
0x32, 0x2c, 0x34, 0x2e, 0x36, 0x68, 0x2d, 0x36, 0x2e, 0x36, 0x63, 0x30, 0x2c, 0x30, 0x2e, 0x37, 0x2c, 
0x30, 0x2e, 0x32, 0x2c, 0x31, 0x2e, 0x33, 0x2c, 0x30, 0x2e, 0x36, 0x2c, 0x31, 0x2e, 0x38, 0x63, 0x30, 
0x2e, 0x34, 0x2c, 0x30, 0x2e, 0x34, 0x2c, 0x31, 0x2c, 0x30, 0x2e, 0x37, 0x2c, 0x31, 0x2e, 0x35, 0x2c, 
0x30, 0x2e, 0x37, 0x63, 0x30, 0x2e, 0x34, 0x2c, 0x30, 0x2c, 0x30, 0x2e, 0x37, 0x2d, 0x30, 0x2e, 0x31, 
0x2c, 0x31, 0x2d, 0x30, 0x2e, 0x33, 0x43, 0x32, 0x30, 0x30, 0x2e, 0x37, 0x2c, 0x32, 0x31, 0x2c, 0x32, 
0x30, 0x30, 0x2e, 0x39, 0x2c, 0x32, 0x30, 0x2e, 0x36, 0x2c, 0x32, 0x30, 0x31, 0x2c, 0x32, 0x30, 0x2e, 
0x32, 0x7a, 0x20, 0x4d, 0x32, 0x30, 0x31, 0x2e, 0x32, 0x2c, 0x31, 0x37, 0x2e, 0x35, 0x63, 0x30, 0x2d, 
0x30, 0x2e, 0x36, 0x2d, 0x30, 0x2e, 0x32, 0x2d, 0x31, 0x2e, 0x33, 0x2d, 0x30, 0x2e, 0x36, 0x2d, 0x31, 
0x2e, 0x38, 0x63, 0x2d, 0x30, 0x2e, 0x37, 0x2d, 0x30, 0x2e, 0x38, 0x2d, 0x31, 0x2e, 0x39, 0x2d, 0x30, 
0x2e, 0x38, 0x2d, 0x32, 0x2e, 0x37, 0x2d, 0x30, 0x2e, 0x31, 0x63, 0x30, 0x2c, 0x30, 0x2d, 0x30, 0x2e, 
0x31, 0x2c, 0x30, 0x2e, 0x31, 0x2d, 0x30, 0x2e, 0x31, 0x2c, 0x30, 0x2e, 0x31, 0x63, 0x2d, 0x30, 0x2e, 
0x34, 0x2c, 0x30, 0x2e, 0x35, 0x2d, 0x30, 0x2e, 0x36, 0x2c, 0x31, 0x2e, 0x31, 0x2d, 0x30, 0x2e, 0x36, 
0x2c, 0x31, 0x2e, 0x38, 0x48, 0x32, 0x30, 0x31, 0x2e, 0x32, 0x7a, 0x22, 0x2f, 0x3e, 0x3c, 0x70, 0x61, 
0x74, 0x68, 0x20, 0x63, 0x6c, 0x61, 0x73, 0x73, 0x3d, 0x22, 0x73, 0x74, 0x32, 0x22, 0x20, 0x64, 0x3d, 
0x22, 0x4d, 0x32, 0x31, 0x30, 0x2e, 0x36, 0x2c, 0x31, 0x33, 0x2e, 0x33, 0x76, 0x32, 0x2e, 0x31, 0x68, 
0x2d, 0x31, 0x2e, 0x38, 0x76, 0x34, 0x2e, 0x31, 0x63, 0x30, 0x2c, 0x30, 0x2e, 0x35, 0x2c, 0x30, 0x2c, 
0x31, 0x2c, 0x30, 0x2e, 0x31, 0x2c, 0x31, 0x2e, 0x34, 0x63, 0x30, 0x2c, 0x30, 0x2e, 0x31, 0x2c, 0x30, 
0x2e, 0x31, 0x2c, 0x30, 0x2e, 0x33, 0x2c, 0x30, 0x2e, 0x32, 0x2c, 0x30, 0x2e, 0x33, 0x63, 0x30, 0x2e, 
0x31, 0x2c, 0x30, 0x2e, 0x31, 0x2c, 0x30, 0x2e, 0x33, 0x2c, 0x30, 0x2e, 0x32, 0x2c, 0x30, 0x2e, 0x35, 
0x2c, 0x30, 0x2e, 0x32, 0x63, 0x30, 0x2e, 0x34, 0x2c, 0x30, 0x2c, 0x30, 0x2e, 0x37, 0x2d, 0x30, 0x2e, 
0x31, 0x2c, 0x31, 0x2d, 0x30, 0x2e, 0x33, 0x6c, 0x30, 0x2e, 0x32, 0x2c, 0x32, 0x2e, 0x31, 0x63, 0x2d, 
0x30, 0x2e, 0x37, 0x2c, 0x30, 0x2e, 0x33, 0x2d, 0x31, 0x2e, 0x34, 0x2c, 0x30, 0x2e, 0x34, 0x2d, 0x32, 
0x2e, 0x31, 0x2c, 0x30, 0x2e, 0x34, 0x63, 0x2d, 0x30, 0x2e, 0x34, 0x2c, 0x30, 0x2d, 0x30, 0x2e, 0x39, 
0x2d, 0x30, 0x2e, 0x31, 0x2d, 0x31, 0x2e, 0x33, 0x2d, 0x30, 0x2e, 0x32, 0x63, 0x2d, 0x30, 0x2e, 0x33, 
0x2d, 0x30, 0x2e, 0x31, 0x2d, 0x30, 0x2e, 0x36, 0x2d, 0x30, 0x2e, 0x33, 0x2d, 0x30, 0x2e, 0x38, 0x2d, 
0x30, 0x2e, 0x36, 0x63, 0x2d, 0x30, 0x2e, 0x32, 0x2d, 0x30, 0x2e, 0x33, 0x2d, 0x30, 0x2e, 0x33, 0x2d, 
0x30, 0x2e, 0x37, 0x2d, 0x30, 0x2e, 0x34, 0x2d, 0x31, 0x63, 0x2d, 0x30, 0x2e, 0x31, 0x2d, 0x30, 0x2e, 
0x36, 0x2d, 0x30, 0x2e, 0x31, 0x2d, 0x31, 0x2e, 0x33, 0x2d, 0x30, 0x2e, 0x31, 0x2d, 0x31, 0x2e, 0x39, 
0x76, 0x2d, 0x34, 0x2e, 0x34, 0x68, 0x2d, 0x31, 0x2e, 0x33, 0x76, 0x2d, 0x32, 0x2e, 0x31, 0x68, 0x31, 
0x2e, 0x32, 0x76, 0x2d, 0x32, 0x6c, 0x32, 0x2e, 0x37, 0x2d, 0x31, 0x2e, 0x35, 0x76, 0x33, 0x2e, 0x35, 
0x48, 0x32, 0x31, 0x30, 0x2e, 0x36, 0x7a, 0x22, 0x2f, 0x3e, 0x3c, 0x70, 0x61, 0x74, 0x68, 0x20, 0x63, 
0x6c, 0x61, 0x73, 0x73, 0x3d, 0x22, 0x73, 0x74, 0x32, 0x22, 0x20, 0x64, 0x3d, 0x22, 0x4d, 0x32, 0x31, 
0x34, 0x2e, 0x33, 0x2c, 0x32, 0x33, 0x2e, 0x34, 0x6c, 0x2d, 0x33, 0x2e, 0x32, 0x2d, 0x31, 0x30, 0x2e, 
0x31, 0x68, 0x32, 0x2e, 0x36, 0x6c, 0x31, 0x2e, 0x39, 0x2c, 0x36, 0x2e, 0x36, 0x6c, 0x31, 0x2e, 0x37, 
0x2d, 0x36, 0x2e, 0x36, 0x68, 0x32, 0x2e, 0x36, 0x6c, 0x31, 0x2e, 0x37, 0x2c, 0x36, 0x2e, 0x36, 0x6c, 
0x31, 0x2e, 0x39, 0x2d, 0x36, 0x2e, 0x36, 0x68, 0x32, 0x2e, 0x36, 0x4c, 0x32, 0x32, 0x33, 0x2c, 0x32, 
0x33, 0x2e, 0x34, 0x68, 0x2d, 0x32, 0x2e, 0x36, 0x6c, 0x2d, 0x31, 0x2e, 0x37, 0x2d, 0x36, 0x2e, 0x35, 
0x6c, 0x2d, 0x31, 0x2e, 0x37, 0x2c, 0x36, 0x2e, 0x35, 0x48, 0x32, 0x31, 0x34, 0x2e, 0x33, 0x7a, 0x22, 
0x2f, 0x3e, 0x3c, 0x70, 0x61, 0x74, 0x68, 0x20, 0x63, 0x6c, 0x61, 0x73, 0x73, 0x3d, 0x22, 0x73, 0x74, 
0x32, 0x22, 0x20, 0x64, 0x3d, 0x22, 0x4d, 0x32, 0x32, 0x37, 0x2c, 0x31, 0x38, 0x2e, 0x32, 0x63, 0x30, 
0x2d, 0x30, 0x2e, 0x39, 0x2c, 0x30, 0x2e, 0x32, 0x2d, 0x31, 0x2e, 0x38, 0x2c, 0x30, 0x2e, 0x37, 0x2d, 
0x32, 0x2e, 0x36, 0x63, 0x30, 0x2e, 0x34, 0x2d, 0x30, 0x2e, 0x38, 0x2c, 0x31, 0x2e, 0x31, 0x2d, 0x31, 
0x2e, 0x35, 0x2c, 0x31, 0x2e, 0x39, 0x2d, 0x31, 0x2e, 0x39, 0x63, 0x30, 0x2e, 0x38, 0x2d, 0x30, 0x2e, 
0x34, 0x2c, 0x31, 0x2e, 0x37, 0x2d, 0x30, 0x2e, 0x37, 0x2c, 0x32, 0x2e, 0x37, 0x2d, 0x30, 0x2e, 0x37, 
0x63, 0x31, 0x2e, 0x34, 0x2d, 0x30, 0x2e, 0x31, 0x2c, 0x32, 0x2e, 0x38, 0x2c, 0x30, 0x2e, 0x35, 0x2c, 
0x33, 0x2e, 0x37, 0x2c, 0x31, 0x2e, 0x35, 0x63, 0x31, 0x2c, 0x31, 0x2c, 0x31, 0x2e, 0x35, 0x2c, 0x32, 
0x2e, 0x34, 0x2c, 0x31, 0x2e, 0x35, 0x2c, 0x33, 0x2e, 0x38, 0x63, 0x30, 0x2c, 0x31, 0x2e, 0x34, 0x2d, 
0x30, 0x2e, 0x35, 0x2c, 0x32, 0x2e, 0x38, 0x2d, 0x31, 0x2e, 0x35, 0x2c, 0x33, 0x2e, 0x38, 0x63, 0x2d, 
0x31, 0x2c, 0x31, 0x2d, 0x32, 0x2e, 0x33, 0x2c, 0x31, 0x2e, 0x35, 0x2d, 0x33, 0x2e, 0x37, 0x2c, 0x31, 
0x2e, 0x35, 0x63, 0x2d, 0x30, 0x2e, 0x39, 0x2c, 0x30, 0x2d, 0x31, 0x2e, 0x38, 0x2d, 0x30, 0x2e, 0x32, 
0x2d, 0x32, 0x2e, 0x36, 0x2d, 0x30, 0x2e, 0x36, 0x63, 0x2d, 0x30, 0x2e, 0x38, 0x2d, 0x30, 0x2e, 0x34, 
0x2d, 0x31, 0x2e, 0x35, 0x2d, 0x31, 0x2d, 0x31, 0x2e, 0x39, 0x2d, 0x31, 0x2e, 0x38, 0x43, 0x32, 0x32, 
0x37, 0x2e, 0x32, 0x2c, 0x32, 0x30, 0x2e, 0x32, 0x2c, 0x32, 0x32, 0x36, 0x2e, 0x39, 0x2c, 0x31, 0x39, 
0x2e, 0x32, 0x2c, 0x32, 0x32, 0x37, 0x2c, 0x31, 0x38, 0x2e, 0x32, 0x7a, 0x20, 0x4d, 0x32, 0x32, 0x39, 
0x2e, 0x37, 0x2c, 0x31, 0x38, 0x2e, 0x33, 0x63, 0x2d, 0x30, 0x2e, 0x31, 0x2c, 0x30, 0x2e, 0x38, 0x2c, 
0x30, 0x2e, 0x32, 0x2c, 0x31, 0x2e, 0x36, 0x2c, 0x30, 0x2e, 0x37, 0x2c, 0x32, 0x2e, 0x33, 0x63, 0x30, 
0x2e, 0x38, 0x2c, 0x31, 0x2c, 0x32, 0x2e, 0x33, 0x2c, 0x31, 0x2e, 0x31, 0x2c, 0x33, 0x2e, 0x33, 0x2c, 
0x30, 0x2e, 0x32, 0x63, 0x30, 0x2e, 0x31, 0x2d, 0x30, 0x2e, 0x31, 0x2c, 0x30, 0x2e, 0x32, 0x2d, 0x30, 
0x2e, 0x32, 0x2c, 0x30, 0x2e, 0x32, 0x2d, 0x30, 0x2e, 0x32, 0x63, 0x30, 0x2e, 0x35, 0x2d, 0x30, 0x2e, 
0x37, 0x2c, 0x30, 0x2e, 0x38, 0x2d, 0x31, 0x2e, 0x35, 0x2c, 0x30, 0x2e, 0x37, 0x2d, 0x32, 0x2e, 0x33, 
0x63, 0x30, 0x2e, 0x31, 0x2d, 0x30, 0x2e, 0x38, 0x2d, 0x30, 0x2e, 0x32, 0x2d, 0x31, 0x2e, 0x36, 0x2d, 
0x30, 0x2e, 0x37, 0x2d, 0x32, 0x2e, 0x33, 0x63, 0x2d, 0x30, 0x2e, 0x38, 0x2d, 0x31, 0x2d, 0x32, 0x2e, 
0x33, 0x2d, 0x31, 0x2e, 0x31, 0x2d, 0x33, 0x2e, 0x33, 0x2d, 0x30, 0x2e, 0x32, 0x63, 0x2d, 0x30, 0x2e, 
0x31, 0x2c, 0x30, 0x2e, 0x31, 0x2d, 0x30, 0x2e, 0x31, 0x2c, 0x30, 0x2e, 0x31, 0x2d, 0x30, 0x2e, 0x32, 
0x2c, 0x30, 0x2e, 0x32, 0x43, 0x32, 0x32, 0x39, 0x2e, 0x39, 0x2c, 0x31, 0x36, 0x2e, 0x37, 0x2c, 0x32, 
0x32, 0x39, 0x2e, 0x36, 0x2c, 0x31, 0x37, 0x2e, 0x35, 0x2c, 0x32, 0x32, 0x39, 0x2e, 0x37, 0x2c, 0x31, 
0x38, 0x2e, 0x33, 0x7a, 0x22, 0x2f, 0x3e, 0x3c, 0x70, 0x61, 0x74, 0x68, 0x20, 0x63, 0x6c, 0x61, 0x73, 
0x73, 0x3d, 0x22, 0x73, 0x74, 0x32, 0x22, 0x20, 0x64, 0x3d, 0x22, 0x4d, 0x32, 0x34, 0x32, 0x2c, 0x32, 
0x33, 0x2e, 0x34, 0x68, 0x2d, 0x32, 0x2e, 0x37, 0x56, 0x31, 0x33, 0x2e, 0x33, 0x68, 0x32, 0x2e, 0x35, 
0x76, 0x31, 0x2e, 0x34, 0x63, 0x30, 0x2e, 0x33, 0x2d, 0x30, 0x2e, 0x35, 0x2c, 0x30, 0x2e, 0x37, 0x2d, 
0x31, 0x2c, 0x31, 0x2e, 0x31, 0x2d, 0x31, 0x2e, 0x33, 0x63, 0x30, 0x2e, 0x33, 0x2d, 0x30, 0x2e, 0x32, 
0x2c, 0x30, 0x2e, 0x37, 0x2d, 0x30, 0x2e, 0x33, 0x2c, 0x31, 0x2e, 0x32, 0x2d, 0x30, 0x2e, 0x33, 0x63, 
0x30, 0x2e, 0x36, 0x2c, 0x30, 0x2c, 0x31, 0x2e, 0x32, 0x2c, 0x30, 0x2e, 0x32, 0x2c, 0x31, 0x2e, 0x38, 
0x2c, 0x30, 0x2e, 0x35, 0x6c, 0x2d, 0x30, 0x2e, 0x38, 0x2c, 0x32, 0x2e, 0x33, 0x63, 0x2d, 0x30, 0x2e, 
0x34, 0x2d, 0x30, 0x2e, 0x33, 0x2d, 0x30, 0x2e, 0x38, 0x2d, 0x30, 0x2e, 0x34, 0x2d, 0x31, 0x2e, 0x32, 
0x2d, 0x30, 0x2e, 0x34, 0x63, 0x2d, 0x30, 0x2e, 0x33, 0x2c, 0x30, 0x2d, 0x30, 0x2e, 0x37, 0x2c, 0x30, 
0x2e, 0x31, 0x2d, 0x30, 0x2e, 0x39, 0x2c, 0x30, 0x2e, 0x33, 0x63, 0x2d, 0x30, 0x2e, 0x33, 0x2c, 0x30, 
0x2e, 0x33, 0x2d, 0x30, 0x2e, 0x35, 0x2c, 0x30, 0x2e, 0x37, 0x2d, 0x30, 0x2e, 0x36, 0x2c, 0x31, 0x2e, 
0x31, 0x63, 0x2d, 0x30, 0x2e, 0x32, 0x2c, 0x31, 0x2e, 0x31, 0x2d, 0x30, 0x2e, 0x33, 0x2c, 0x32, 0x2e, 
0x33, 0x2d, 0x30, 0x2e, 0x32, 0x2c, 0x33, 0x2e, 0x34, 0x56, 0x32, 0x33, 0x2e, 0x34, 0x7a, 0x22, 0x2f, 
0x3e, 0x3c, 0x70, 0x61, 0x74, 0x68, 0x20, 0x63, 0x6c, 0x61, 0x73, 0x73, 0x3d, 0x22, 0x73, 0x74, 0x32, 
0x22, 0x20, 0x64, 0x3d, 0x22, 0x4d, 0x32, 0x34, 0x36, 0x2e, 0x39, 0x2c, 0x32, 0x33, 0x2e, 0x34, 0x56, 
0x39, 0x2e, 0x35, 0x68, 0x32, 0x2e, 0x37, 0x76, 0x37, 0x2e, 0x34, 0x6c, 0x33, 0x2e, 0x31, 0x2d, 0x33, 
0x2e, 0x35, 0x68, 0x33, 0x2e, 0x33, 0x6c, 0x2d, 0x33, 0x2e, 0x34, 0x2c, 0x33, 0x2e, 0x37, 0x6c, 0x33, 
0x2e, 0x37, 0x2c, 0x36, 0x2e, 0x34, 0x68, 0x2d, 0x32, 0x2e, 0x39, 0x6c, 0x2d, 0x32, 0x2e, 0x36, 0x2d, 
0x34, 0x2e, 0x35, 0x6c, 0x2d, 0x31, 0x2e, 0x32, 0x2c, 0x31, 0x2e, 0x33, 0x76, 0x33, 0x2e, 0x32, 0x48, 
0x32, 0x34, 0x36, 0x2e, 0x39, 0x7a, 0x22, 0x2f, 0x3e, 0x3c, 0x70, 0x61, 0x74, 0x68, 0x20, 0x63, 0x6c, 
0x61, 0x73, 0x73, 0x3d, 0x22, 0x73, 0x74, 0x32, 0x22, 0x20, 0x64, 0x3d, 0x22, 0x4d, 0x32, 0x35, 0x36, 
0x2e, 0x39, 0x2c, 0x32, 0x30, 0x2e, 0x35, 0x6c, 0x32, 0x2e, 0x37, 0x2d, 0x30, 0x2e, 0x34, 0x63, 0x30, 
0x2e, 0x31, 0x2c, 0x30, 0x2e, 0x35, 0x2c, 0x30, 0x2e, 0x33, 0x2c, 0x30, 0x2e, 0x39, 0x2c, 0x30, 0x2e, 
0x37, 0x2c, 0x31, 0x2e, 0x32, 0x63, 0x30, 0x2e, 0x34, 0x2c, 0x30, 0x2e, 0x33, 0x2c, 0x30, 0x2e, 0x39, 
0x2c, 0x30, 0x2e, 0x34, 0x2c, 0x31, 0x2e, 0x35, 0x2c, 0x30, 0x2e, 0x34, 0x63, 0x30, 0x2e, 0x35, 0x2c, 
0x30, 0x2c, 0x31, 0x2e, 0x31, 0x2d, 0x30, 0x2e, 0x31, 0x2c, 0x31, 0x2e, 0x36, 0x2d, 0x30, 0x2e, 0x34, 
0x63, 0x30, 0x2e, 0x32, 0x2d, 0x30, 0x2e, 0x32, 0x2c, 0x30, 0x2e, 0x34, 0x2d, 0x30, 0x2e, 0x34, 0x2c, 
0x30, 0x2e, 0x34, 0x2d, 0x30, 0x2e, 0x37, 0x63, 0x30, 0x2d, 0x30, 0x2e, 0x32, 0x2d, 0x30, 0x2e, 0x31, 
0x2d, 0x30, 0x2e, 0x34, 0x2d, 0x30, 0x2e, 0x32, 0x2d, 0x30, 0x2e, 0x35, 0x63, 0x2d, 0x30, 0x2e, 0x33, 
0x2d, 0x30, 0x2e, 0x32, 0x2d, 0x30, 0x2e, 0x36, 0x2d, 0x30, 0x2e, 0x33, 0x2d, 0x30, 0x2e, 0x39, 0x2d, 
0x30, 0x2e, 0x34, 0x63, 0x2d, 0x31, 0x2e, 0x34, 0x2d, 0x30, 0x2e, 0x32, 0x2d, 0x32, 0x2e, 0x38, 0x2d, 
0x30, 0x2e, 0x37, 0x2d, 0x34, 0x2e, 0x31, 0x2d, 0x31, 0x2e, 0x33, 0x63, 0x2d, 0x30, 0x2e, 0x38, 0x2d, 
0x30, 0x2e, 0x35, 0x2d, 0x31, 0x2e, 0x32, 0x2d, 0x31, 0x2e, 0x34, 0x2d, 0x31, 0x2e, 0x32, 0x2d, 0x32, 
0x2e, 0x33, 0x63, 0x30, 0x2d, 0x30, 0x2e, 0x39, 0x2c, 0x30, 0x2e, 0x34, 0x2d, 0x31, 0x2e, 0x37, 0x2c, 
0x31, 0x2d, 0x32, 0x2e, 0x32, 0x63, 0x30, 0x2e, 0x39, 0x2d, 0x30, 0x2e, 0x37, 0x2c, 0x32, 0x2e, 0x31, 
0x2d, 0x31, 0x2c, 0x33, 0x2e, 0x32, 0x2d, 0x30, 0x2e, 0x39, 0x63, 0x31, 0x2e, 0x31, 0x2d, 0x30, 0x2e, 
0x31, 0x2c, 0x32, 0x2e, 0x32, 0x2c, 0x30, 0x2e, 0x32, 0x2c, 0x33, 0x2e, 0x31, 0x2c, 0x30, 0x2e, 0x37, 
0x63, 0x30, 0x2e, 0x37, 0x2c, 0x30, 0x2e, 0x35, 0x2c, 0x31, 0x2e, 0x32, 0x2c, 0x31, 0x2e, 0x32, 0x2c, 
0x31, 0x2e, 0x34, 0x2c, 0x32, 0x6c, 0x2d, 0x32, 0x2e, 0x35, 0x2c, 0x30, 0x2e, 0x35, 0x63, 0x2d, 0x30, 
0x2e, 0x31, 0x2d, 0x30, 0x2e, 0x34, 0x2d, 0x30, 0x2e, 0x33, 0x2d, 0x30, 0x2e, 0x37, 0x2d, 0x30, 0x2e, 
0x36, 0x2d, 0x30, 0x2e, 0x39, 0x63, 0x2d, 0x30, 0x2e, 0x34, 0x2d, 0x30, 0x2e, 0x32, 0x2d, 0x30, 0x2e, 
0x38, 0x2d, 0x30, 0x2e, 0x34, 0x2d, 0x31, 0x2e, 0x33, 0x2d, 0x30, 0x2e, 0x33, 0x63, 0x2d, 0x30, 0x2e, 
0x35, 0x2c, 0x30, 0x2d, 0x31, 0x2c, 0x30, 0x2e, 0x31, 0x2d, 0x31, 0x2e, 0x35, 0x2c, 0x30, 0x2e, 0x33, 
0x63, 0x2d, 0x30, 0x2e, 0x32, 0x2c, 0x30, 0x2e, 0x31, 0x2d, 0x30, 0x2e, 0x33, 0x2c, 0x30, 0x2e, 0x33, 
0x2d, 0x30, 0x2e, 0x33, 0x2c, 0x30, 0x2e, 0x35, 0x63, 0x30, 0x2c, 0x30, 0x2e, 0x32, 0x2c, 0x30, 0x2e, 
0x31, 0x2c, 0x30, 0x2e, 0x34, 0x2c, 0x30, 0x2e, 0x33, 0x2c, 0x30, 0x2e, 0x35, 0x63, 0x30, 0x2e, 0x38, 
0x2c, 0x30, 0x2e, 0x34, 0x2c, 0x31, 0x2e, 0x36, 0x2c, 0x30, 0x2e, 0x36, 0x2c, 0x32, 0x2e, 0x35, 0x2c, 
0x30, 0x2e, 0x38, 0x63, 0x31, 0x2e, 0x31, 0x2c, 0x30, 0x2e, 0x32, 0x2c, 0x32, 0x2e, 0x31, 0x2c, 0x30, 
0x2e, 0x35, 0x2c, 0x33, 0x2c, 0x31, 0x2e, 0x31, 0x63, 0x30, 0x2e, 0x36, 0x2c, 0x30, 0x2e, 0x35, 0x2c, 
0x30, 0x2e, 0x39, 0x2c, 0x31, 0x2e, 0x32, 0x2c, 0x30, 0x2e, 0x38, 0x2c, 0x32, 0x63, 0x30, 0x2c, 0x30, 
0x2e, 0x39, 0x2d, 0x30, 0x2e, 0x34, 0x2c, 0x31, 0x2e, 0x38, 0x2d, 0x31, 0x2e, 0x32, 0x2c, 0x32, 0x2e, 
0x34, 0x63, 0x2d, 0x31, 0x2c, 0x30, 0x2e, 0x37, 0x2d, 0x32, 0x2e, 0x32, 0x2c, 0x31, 0x2e, 0x31, 0x2d, 
0x33, 0x2e, 0x34, 0x2c, 0x31, 0x63, 0x2d, 0x31, 0x2e, 0x31, 0x2c, 0x30, 0x2e, 0x31, 0x2d, 0x32, 0x2e, 
0x33, 0x2d, 0x30, 0x2e, 0x32, 0x2d, 0x33, 0x2e, 0x33, 0x2d, 0x30, 0x2e, 0x38, 0x43, 0x32, 0x35, 0x37, 
0x2e, 0x37, 0x2c, 0x32, 0x32, 0x2e, 0x33, 0x2c, 0x32, 0x35, 0x37, 0x2e, 0x31, 0x2c, 0x32, 0x31, 0x2e, 
0x34, 0x2c, 0x32, 0x35, 0x36, 0x2e, 0x39, 0x2c, 0x32, 0x30, 0x2e, 0x35, 0x7a, 0x22, 0x2f, 0x3e, 0x3c, 
0x2f, 0x67, 0x3e, 0x3c, 0x2f, 0x67, 0x3e, 0x3c, 0x2f, 0x73, 0x76, 0x67, 0x3e, 0 };

static const char data_style_css[] = {
/* Page/File content */
0x68, 0x74, 0x6d, 0x6c, 0x2c, 0x62, 0x6f, 0x64, 0x79, 0x7b, 0x6d, 0x61, 0x72, 0x67, 0x69, 0x6e, 0x3a, 
0x30, 0x3b, 0x70, 0x61, 0x64, 0x64, 0x69, 0x6e, 0x67, 0x3a, 0x30, 0x7d, 0x68, 0x31, 0x2c, 0x68, 0x32, 
0x2c, 0x70, 0x2c, 0x61, 0x2c, 0x69, 0x6d, 0x67, 0x2c, 0x73, 0x74, 0x72, 0x6f, 0x6e, 0x67, 0x2c, 0x6c, 
0x69, 0x2c, 0x6f, 0x6c, 0x2c, 0x75, 0x6c, 0x2c, 0x66, 0x6f, 0x72, 0x6d, 0x2c, 0x6c, 0x61, 0x62, 0x65, 
0x6c, 0x2c, 0x62, 0x75, 0x74, 0x74, 0x6f, 0x6e, 0x2c, 0x74, 0x72, 0x2c, 0x74, 0x68, 0x2c, 0x74, 0x64, 
0x7b, 0x6d, 0x61, 0x72, 0x67, 0x69, 0x6e, 0x3a, 0x30, 0x3b, 0x70, 0x61, 0x64, 0x64, 0x69, 0x6e, 0x67, 
0x3a, 0x30, 0x3b, 0x62, 0x6f, 0x72, 0x64, 0x65, 0x72, 0x3a, 0x30, 0x3b, 0x66, 0x6f, 0x6e, 0x74, 0x2d, 
0x77, 0x65, 0x69, 0x67, 0x68, 0x74, 0x3a, 0x34, 0x30, 0x30, 0x3b, 0x66, 0x6f, 0x6e, 0x74, 0x2d, 0x73, 
0x74, 0x79, 0x6c, 0x65, 0x3a, 0x6e, 0x6f, 0x72, 0x6d, 0x61, 0x6c, 0x3b, 0x66, 0x6f, 0x6e, 0x74, 0x2d, 
0x73, 0x69, 0x7a, 0x65, 0x3a, 0x31, 0x30, 0x30, 0x25, 0x3b, 0x6c, 0x69, 0x6e, 0x65, 0x2d, 0x68, 0x65, 
0x69, 0x67, 0x68, 0x74, 0x3a, 0x31, 0x3b, 0x66, 0x6f, 0x6e, 0x74, 0x2d, 0x66, 0x61, 0x6d, 0x69, 0x6c, 
0x79, 0x3a, 0x69, 0x6e, 0x68, 0x65, 0x72, 0x69, 0x74, 0x7d, 0x62, 0x6f, 0x64, 0x79, 0x7b, 0x62, 0x61, 
0x63, 0x6b, 0x67, 0x72, 0x6f, 0x75, 0x6e, 0x64, 0x2d, 0x63, 0x6f, 0x6c, 0x6f, 0x72, 0x3a, 0x23, 0x66, 
0x66, 0x66, 0x3b, 0x6d, 0x61, 0x72, 0x67, 0x69, 0x6e, 0x3a, 0x30, 0x3b, 0x66, 0x6f, 0x6e, 0x74, 0x2d, 
0x66, 0x61, 0x6d, 0x69, 0x6c, 0x79, 0x3a, 0x22, 0x48, 0x65, 0x6c, 0x76, 0x65, 0x74, 0x69, 0x63, 0x61, 
0x20, 0x4e, 0x65, 0x75, 0x65, 0x22, 0x2c, 0x48, 0x65, 0x6c, 0x76, 0x65, 0x74, 0x69, 0x63, 0x61, 0x2c, 
0x41, 0x72, 0x69, 0x61, 0x6c, 0x2c, 0x73, 0x61, 0x6e, 0x73, 0x2d, 0x73, 0x65, 0x72, 0x69, 0x66, 0x3b, 
0x66, 0x6f, 0x6e, 0x74, 0x2d, 0x73, 0x69, 0x7a, 0x65, 0x3a, 0x31, 0x34, 0x70, 0x78, 0x3b, 0x66, 0x6f, 
0x6e, 0x74, 0x2d, 0x77, 0x65, 0x69, 0x67, 0x68, 0x74, 0x3a, 0x34, 0x30, 0x30, 0x3b, 0x6c, 0x69, 0x6e, 
0x65, 0x2d, 0x68, 0x65, 0x69, 0x67, 0x68, 0x74, 0x3a, 0x31, 0x38, 0x70, 0x78, 0x3b, 0x63, 0x6f, 0x6c, 
0x6f, 0x72, 0x3a, 0x23, 0x34, 0x30, 0x34, 0x30, 0x34, 0x30, 0x7d, 0x23, 0x6d, 0x7b, 0x6d, 0x61, 0x78, 
0x2d, 0x77, 0x69, 0x64, 0x74, 0x68, 0x3a, 0x37, 0x35, 0x30, 0x70, 0x78, 0x3b, 0x6d, 0x61, 0x72, 0x67, 
0x69, 0x6e, 0x3a, 0x33, 0x30, 0x70, 0x78, 0x20, 0x61, 0x75, 0x74, 0x6f, 0x20, 0x31, 0x30, 0x70, 0x78, 
0x3b, 0x62, 0x6f, 0x72, 0x64, 0x65, 0x72, 0x3a, 0x73, 0x6f, 0x6c, 0x69, 0x64, 0x20, 0x31, 0x70, 0x78, 
0x20, 0x23, 0x62, 0x61, 0x62, 0x61, 0x62, 0x61, 0x3b, 0x62, 0x61, 0x63, 0x6b, 0x67, 0x72, 0x6f, 0x75, 
0x6e, 0x64, 0x3a, 0x23, 0x46, 0x46, 0x46, 0x3b, 0x62, 0x6f, 0x72, 0x64, 0x65, 0x72, 0x2d, 0x72, 0x61, 
0x64, 0x69, 0x75, 0x73, 0x3a, 0x37, 0x70, 0x78, 0x3b, 0x62, 0x6f, 0x78, 0x2d, 0x73, 0x68, 0x61, 0x64, 
0x6f, 0x77, 0x3a, 0x30, 0x20, 0x30, 0x20, 0x31, 0x30, 0x70, 0x78, 0x20, 0x23, 0x64, 0x32, 0x64, 0x31, 
0x64, 0x31, 0x7d, 0x23, 0x6d, 0x3e, 0x2a, 0x7b, 0x70, 0x61, 0x64, 0x64, 0x69, 0x6e, 0x67, 0x3a, 0x32, 
0x30, 0x70, 0x78, 0x7d, 0x68, 0x31, 0x7b, 0x66, 0x6f, 0x6e, 0x74, 0x2d, 0x66, 0x61, 0x6d, 0x69, 0x6c, 
0x79, 0x3a, 0x22, 0x48, 0x65, 0x6c, 0x76, 0x65, 0x74, 0x69, 0x63, 0x61, 0x20, 0x4e, 0x65, 0x75, 0x65, 
0x22, 0x2c, 0x48, 0x65, 0x6c, 0x76, 0x65, 0x74, 0x69, 0x63, 0x61, 0x2c, 0x41, 0x72, 0x69, 0x61, 0x6c, 
0x2c, 0x73, 0x61, 0x6e, 0x73, 0x2d, 0x73, 0x65, 0x72, 0x69, 0x66, 0x3b, 0x66, 0x6f, 0x6e, 0x74, 0x2d, 
0x73, 0x69, 0x7a, 0x65, 0x3a, 0x33, 0x30, 0x70, 0x78, 0x3b, 0x66, 0x6f, 0x6e, 0x74, 0x2d, 0x77, 0x65, 
0x69, 0x67, 0x68, 0x74, 0x3a, 0x37, 0x30, 0x30, 0x3b, 0x6d, 0x61, 0x72, 0x67, 0x69, 0x6e, 0x2d, 0x62, 
0x6f, 0x74, 0x74, 0x6f, 0x6d, 0x3a, 0x32, 0x30, 0x70, 0x78, 0x3b, 0x63, 0x6f, 0x6c, 0x6f, 0x72, 0x3a, 
0x23, 0x34, 0x34, 0x34, 0x3b, 0x74, 0x65, 0x78, 0x74, 0x2d, 0x64, 0x65, 0x63, 0x6f, 0x72, 0x61, 0x74, 
0x69, 0x6f, 0x6e, 0x3a, 0x6e, 0x6f, 0x6e, 0x65, 0x3b, 0x62, 0x6f, 0x72, 0x64, 0x65, 0x72, 0x2d, 0x62, 
0x6f, 0x74, 0x74, 0x6f, 0x6d, 0x3a, 0x31, 0x70, 0x78, 0x20, 0x73, 0x6f, 0x6c, 0x69, 0x64, 0x20, 0x23, 
0x61, 0x66, 0x61, 0x66, 0x61, 0x66, 0x7d, 0x61, 0x7b, 0x63, 0x6f, 0x6c, 0x6f, 0x72, 0x3a, 0x23, 0x34, 
0x30, 0x34, 0x30, 0x34, 0x30, 0x3b, 0x74, 0x65, 0x78, 0x74, 0x2d, 0x64, 0x65, 0x63, 0x6f, 0x72, 0x61, 
0x74, 0x69, 0x6f, 0x6e, 0x3a, 0x6e, 0x6f, 0x6e, 0x65, 0x7d, 0x2e, 0x69, 0x7b, 0x6d, 0x61, 0x72, 0x67, 
0x69, 0x6e, 0x3a, 0x32, 0x30, 0x70, 0x78, 0x3b, 0x62, 0x6f, 0x72, 0x64, 0x65, 0x72, 0x2d, 0x72, 0x61, 
0x64, 0x69, 0x75, 0x73, 0x3a, 0x37, 0x70, 0x78, 0x3b, 0x74, 0x65, 0x78, 0x74, 0x2d, 0x61, 0x6c, 0x69, 
0x67, 0x6e, 0x3a, 0x6a, 0x75, 0x73, 0x74, 0x69, 0x66, 0x79, 0x7d, 0x2e, 0x77, 0x7b, 0x62, 0x61, 0x63, 
0x6b, 0x67, 0x72, 0x6f, 0x75, 0x6e, 0x64, 0x3a, 0x23, 0x66, 0x65, 0x66, 0x64, 0x63, 0x65, 0x3b, 0x62, 
0x6f, 0x72, 0x64, 0x65, 0x72, 0x3a, 0x73, 0x6f, 0x6c, 0x69, 0x64, 0x20, 0x31, 0x70, 0x78, 0x20, 0x23, 
0x66, 0x66, 0x63, 0x36, 0x34, 0x33, 0x7d, 0x2e, 0x65, 0x7b, 0x62, 0x61, 0x63, 0x6b, 0x67, 0x72, 0x6f, 
0x75, 0x6e, 0x64, 0x3a, 0x23, 0x66, 0x66, 0x65, 0x37, 0x65, 0x37, 0x3b, 0x62, 0x6f, 0x72, 0x64, 0x65, 
0x72, 0x3a, 0x73, 0x6f, 0x6c, 0x69, 0x64, 0x20, 0x31, 0x70, 0x78, 0x20, 0x23, 0x66, 0x65, 0x37, 0x31, 
0x37, 0x31, 0x7d, 0x23, 0x66, 0x7b, 0x74, 0x65, 0x78, 0x74, 0x2d, 0x61, 0x6c, 0x69, 0x67, 0x6e, 0x3a, 
0x63, 0x65, 0x6e, 0x74, 0x65, 0x72, 0x3b, 0x63, 0x6f, 0x6c, 0x6f, 0x72, 0x3a, 0x23, 0x39, 0x36, 0x39, 
0x33, 0x39, 0x33, 0x7d, 0x66, 0x6f, 0x72, 0x6d, 0x2c, 0x70, 0x2c, 0x68, 0x31, 0x7b, 0x74, 0x65, 0x78, 
0x74, 0x2d, 0x61, 0x6c, 0x69, 0x67, 0x6e, 0x3a, 0x63, 0x65, 0x6e, 0x74, 0x65, 0x72, 0x7d, 0x66, 0x6f, 
0x72, 0x6d, 0x7b, 0x6d, 0x61, 0x72, 0x67, 0x69, 0x6e, 0x2d, 0x62, 0x6f, 0x74, 0x74, 0x6f, 0x6d, 0x3a, 
0x32, 0x30, 0x70, 0x78, 0x7d, 0x75, 0x6c, 0x7b, 0x6c, 0x69, 0x73, 0x74, 0x2d, 0x73, 0x74, 0x79, 0x6c, 
0x65, 0x3a, 0x73, 0x71, 0x75, 0x61, 0x72, 0x65, 0x3b, 0x6d, 0x61, 0x72, 0x67, 0x69, 0x6e, 0x3a, 0x30, 
0x20, 0x30, 0x20, 0x30, 0x20, 0x32, 0x30, 0x70, 0x78, 0x7d, 0x2e, 0x69, 0x20, 0x73, 0x74, 0x72, 0x6f, 
0x6e, 0x67, 0x7b, 0x6d, 0x61, 0x72, 0x67, 0x69, 0x6e, 0x3a, 0x30, 0x20, 0x30, 0x20, 0x35, 0x70, 0x78, 
0x3b, 0x64, 0x69, 0x73, 0x70, 0x6c, 0x61, 0x79, 0x3a, 0x62, 0x6c, 0x6f, 0x63, 0x6b, 0x7d, 0x68, 0x65, 
0x61, 0x64, 0x65, 0x72, 0x7b, 0x6d, 0x61, 0x72, 0x67, 0x69, 0x6e, 0x2d, 0x62, 0x6f, 0x74, 0x74, 0x6f, 
0x6d, 0x3a, 0x36, 0x30, 0x70, 0x78, 0x7d, 0x68, 0x65, 0x61, 0x64, 0x65, 0x72, 0x20, 0x61, 0x7b, 0x63, 
0x6f, 0x6c, 0x6f, 0x72, 0x3a, 0x23, 0x66, 0x66, 0x66, 0x3b, 0x74, 0x65, 0x78, 0x74, 0x2d, 0x73, 0x68, 
0x61, 0x64, 0x6f, 0x77, 0x3a, 0x30, 0x20, 0x2d, 0x31, 0x70, 0x78, 0x20, 0x30, 0x20, 0x72, 0x67, 0x62, 
0x61, 0x28, 0x30, 0x2c, 0x30, 0x2c, 0x30, 0x2c, 0x2e, 0x32, 0x35, 0x29, 0x3b, 0x66, 0x6f, 0x6e, 0x74, 
0x2d, 0x73, 0x69, 0x7a, 0x65, 0x3a, 0x31, 0x35, 0x70, 0x78, 0x3b, 0x66, 0x6f, 0x6e, 0x74, 0x2d, 0x77, 
0x65, 0x69, 0x67, 0x68, 0x74, 0x3a, 0x37, 0x30, 0x30, 0x7d, 0x68, 0x65, 0x61, 0x64, 0x65, 0x72, 0x20, 
0x68, 0x33, 0x20, 0x61, 0x2c, 0x68, 0x65, 0x61, 0x64, 0x65, 0x72, 0x20, 0x2e, 0x62, 0x72, 0x61, 0x6e, 
0x64, 0x7b, 0x66, 0x6c, 0x6f, 0x61, 0x74, 0x3a, 0x6c, 0x65, 0x66, 0x74, 0x3b, 0x64, 0x69, 0x73, 0x70, 
0x6c, 0x61, 0x79, 0x3a, 0x62, 0x6c, 0x6f, 0x63, 0x6b, 0x3b, 0x70, 0x61, 0x64, 0x64, 0x69, 0x6e, 0x67, 
0x3a, 0x38, 0x70, 0x78, 0x20, 0x32, 0x30, 0x70, 0x78, 0x20, 0x31, 0x32, 0x70, 0x78, 0x3b, 0x6d, 0x61, 
0x72, 0x67, 0x69, 0x6e, 0x2d, 0x6c, 0x65, 0x66, 0x74, 0x3a, 0x2d, 0x32, 0x30, 0x70, 0x78, 0x3b, 0x63, 
0x6f, 0x6c, 0x6f, 0x72, 0x3a, 0x23, 0x66, 0x66, 0x66, 0x3b, 0x66, 0x6f, 0x6e, 0x74, 0x2d, 0x73, 0x69, 
0x7a, 0x65, 0x3a, 0x32, 0x30, 0x70, 0x78, 0x3b, 0x66, 0x6f, 0x6e, 0x74, 0x2d, 0x77, 0x65, 0x69, 0x67, 
0x68, 0x74, 0x3a, 0x32, 0x30, 0x30, 0x3b, 0x6c, 0x69, 0x6e, 0x65, 0x2d, 0x68, 0x65, 0x69, 0x67, 0x68, 
0x74, 0x3a, 0x31, 0x7d, 0x68, 0x65, 0x61, 0x64, 0x65, 0x72, 0x20, 0x70, 0x7b, 0x6d, 0x61, 0x72, 0x67, 
0x69, 0x6e, 0x3a, 0x30, 0x3b, 0x6c, 0x69, 0x6e, 0x65, 0x2d, 0x68, 0x65, 0x69, 0x67, 0x68, 0x74, 0x3a, 
0x34, 0x30, 0x70, 0x78, 0x7d, 0x68, 0x65, 0x61, 0x64, 0x65, 0x72, 0x20, 0x2e, 0x66, 0x69, 0x6c, 0x6c, 
0x7b, 0x62, 0x6f, 0x72, 0x64, 0x65, 0x72, 0x2d, 0x62, 0x6f, 0x74, 0x74, 0x6f, 0x6d, 0x3a, 0x31, 0x70, 
0x78, 0x20, 0x73, 0x6f, 0x6c, 0x69, 0x64, 0x20, 0x23, 0x65, 0x34, 0x65, 0x34, 0x65, 0x34, 0x3b, 0x70, 
0x61, 0x64, 0x64, 0x69, 0x6e, 0x67, 0x3a, 0x32, 0x30, 0x70, 0x78, 0x20, 0x30, 0x3b, 0x6d, 0x61, 0x78, 
0x2d, 0x77, 0x69, 0x64, 0x74, 0x68, 0x3a, 0x39, 0x34, 0x30, 0x70, 0x78, 0x3b, 0x6d, 0x61, 0x72, 0x67, 
0x69, 0x6e, 0x3a, 0x30, 0x20, 0x61, 0x75, 0x74, 0x6f, 0x7d, 0x64, 0x69, 0x76, 0x2e, 0x63, 0x6f, 0x6e, 
0x74, 0x61, 0x69, 0x6e, 0x65, 0x72, 0x20, 0x69, 0x6d, 0x67, 0x2e, 0x6c, 0x6f, 0x67, 0x6f, 0x7b, 0x6d, 
0x61, 0x72, 0x67, 0x69, 0x6e, 0x2d, 0x74, 0x6f, 0x70, 0x3a, 0x36, 0x70, 0x78, 0x7d, 0x2e, 0x63, 0x6f, 
0x6e, 0x74, 0x61, 0x69, 0x6e, 0x65, 0x72, 0x7b, 0x77, 0x69, 0x64, 0x74, 0x68, 0x3a, 0x31, 0x30, 0x30, 
0x25, 0x3b, 0x6d, 0x61, 0x78, 0x2d, 0x77, 0x69, 0x64, 0x74, 0x68, 0x3a, 0x39, 0x34, 0x30, 0x70, 0x78, 
0x3b, 0x6d, 0x61, 0x72, 0x67, 0x69, 0x6e, 0x2d, 0x6c, 0x65, 0x66, 0x74, 0x3a, 0x61, 0x75, 0x74, 0x6f, 
0x3b, 0x6d, 0x61, 0x72, 0x67, 0x69, 0x6e, 0x2d, 0x72, 0x69, 0x67, 0x68, 0x74, 0x3a, 0x61, 0x75, 0x74, 
0x6f, 0x3b, 0x7a, 0x6f, 0x6f, 0x6d, 0x3a, 0x31, 0x7d, 0x2e, 0x61, 0x6c, 0x65, 0x72, 0x74, 0x2d, 0x6d, 
0x65, 0x73, 0x73, 0x61, 0x67, 0x65, 0x7b, 0x70, 0x6f, 0x73, 0x69, 0x74, 0x69, 0x6f, 0x6e, 0x3a, 0x72, 
0x65, 0x6c, 0x61, 0x74, 0x69, 0x76, 0x65, 0x3b, 0x62, 0x61, 0x63, 0x6b, 0x67, 0x72, 0x6f, 0x75, 0x6e, 
0x64, 0x3a, 0x23, 0x46, 0x46, 0x46, 0x3b, 0x62, 0x6f, 0x72, 0x64, 0x65, 0x72, 0x3a, 0x31, 0x70, 0x78, 
0x20, 0x73, 0x6f, 0x6c, 0x69, 0x64, 0x20, 0x23, 0x65, 0x34, 0x65, 0x34, 0x65, 0x34, 0x3b, 0x62, 0x6f, 
0x72, 0x64, 0x65, 0x72, 0x2d, 0x72, 0x61, 0x64, 0x69, 0x75, 0x73, 0x3a, 0x37, 0x70, 0x78, 0x3b, 0x70, 
0x61, 0x64, 0x64, 0x69, 0x6e, 0x67, 0x3a, 0x32, 0x30, 0x70, 0x78, 0x20, 0x33, 0x38, 0x70, 0x78, 0x3b, 
0x6d, 0x61, 0x72, 0x67, 0x69, 0x6e, 0x2d, 0x62, 0x6f, 0x74, 0x74, 0x6f, 0x6d, 0x3a, 0x31, 0x38, 0x70, 
0x78, 0x7d, 0x2e, 0x61, 0x6c, 0x65, 0x72, 0x74, 0x2d, 0x6d, 0x65, 0x73, 0x73, 0x61, 0x67, 0x65, 0x2e, 
0x65, 0x72, 0x72, 0x6f, 0x72, 0x7b, 0x62, 0x6f, 0x72, 0x64, 0x65, 0x72, 0x2d, 0x63, 0x6f, 0x6c, 0x6f, 
0x72, 0x3a, 0x23, 0x64, 0x64, 0x34, 0x62, 0x33, 0x39, 0x3b, 0x63, 0x6f, 0x6c, 0x6f, 0x72, 0x3a, 0x23, 
0x64, 0x64, 0x34, 0x62, 0x33, 0x39, 0x7d, 0x2e, 0x61, 0x6c, 0x65, 0x72, 0x74, 0x2d, 0x6d, 0x65, 0x73, 
0x73, 0x61, 0x67, 0x65, 0x2e, 0x77, 0x61, 0x72, 0x6e, 0x69, 0x6e, 0x67, 0x7b, 0x62, 0x6f, 0x72, 0x64, 
0x65, 0x72, 0x2d, 0x63, 0x6f, 0x6c, 0x6f, 0x72, 0x3a, 0x23, 0x64, 0x64, 0x34, 0x62, 0x33, 0x39, 0x3b, 
0x63, 0x6f, 0x6c, 0x6f, 0x72, 0x3a, 0x23, 0x64, 0x64, 0x34, 0x62, 0x33, 0x39, 0x7d, 0x23, 0x6c, 0x7b, 
0x68, 0x65, 0x69, 0x67, 0x68, 0x74, 0x3a, 0x38, 0x30, 0x70, 0x78, 0x3b, 0x77, 0x69, 0x64, 0x74, 0x68, 
0x3a, 0x38, 0x30, 0x70, 0x78, 0x3b, 0x6d, 0x61, 0x72, 0x67, 0x69, 0x6e, 0x3a, 0x30, 0x20, 0x61, 0x75, 
0x74, 0x6f, 0x20, 0x32, 0x30, 0x70, 0x78, 0x3b, 0x2d, 0x77, 0x65, 0x62, 0x6b, 0x69, 0x74, 0x2d, 0x61, 
0x6e, 0x69, 0x6d, 0x61, 0x74, 0x69, 0x6f, 0x6e, 0x3a, 0x72, 0x20, 0x31, 0x73, 0x20, 0x69, 0x6e, 0x66, 
0x69, 0x6e, 0x69, 0x74, 0x65, 0x20, 0x6c, 0x69, 0x6e, 0x65, 0x61, 0x72, 0x3b, 0x2d, 0x6d, 0x6f, 0x7a, 
0x2d, 0x61, 0x6e, 0x69, 0x6d, 0x61, 0x74, 0x69, 0x6f, 0x6e, 0x3a, 0x72, 0x20, 0x31, 0x73, 0x20, 0x69, 
0x6e, 0x66, 0x69, 0x6e, 0x69, 0x74, 0x65, 0x20, 0x6c, 0x69, 0x6e, 0x65, 0x61, 0x72, 0x3b, 0x2d, 0x6f, 
0x2d, 0x61, 0x6e, 0x69, 0x6d, 0x61, 0x74, 0x69, 0x6f, 0x6e, 0x3a, 0x72, 0x20, 0x31, 0x73, 0x20, 0x69, 
0x6e, 0x66, 0x69, 0x6e, 0x69, 0x74, 0x65, 0x20, 0x6c, 0x69, 0x6e, 0x65, 0x61, 0x72, 0x3b, 0x61, 0x6e, 
0x69, 0x6d, 0x61, 0x74, 0x69, 0x6f, 0x6e, 0x3a, 0x72, 0x20, 0x31, 0x73, 0x20, 0x69, 0x6e, 0x66, 0x69, 
0x6e, 0x69, 0x74, 0x65, 0x20, 0x6c, 0x69, 0x6e, 0x65, 0x61, 0x72, 0x3b, 0x62, 0x6f, 0x72, 0x64, 0x65, 
0x72, 0x2d, 0x6c, 0x65, 0x66, 0x74, 0x3a, 0x37, 0x70, 0x78, 0x20, 0x73, 0x6f, 0x6c, 0x69, 0x64, 0x20, 
0x23, 0x65, 0x61, 0x66, 0x31, 0x66, 0x66, 0x3b, 0x62, 0x6f, 0x72, 0x64, 0x65, 0x72, 0x2d, 0x72, 0x69, 
0x67, 0x68, 0x74, 0x3a, 0x37, 0x70, 0x78, 0x20, 0x73, 0x6f, 0x6c, 0x69, 0x64, 0x20, 0x23, 0x65, 0x61, 
0x66, 0x31, 0x66, 0x66, 0x3b, 0x62, 0x6f, 0x72, 0x64, 0x65, 0x72, 0x2d, 0x62, 0x6f, 0x74, 0x74, 0x6f, 
0x6d, 0x3a, 0x37, 0x70, 0x78, 0x20, 0x73, 0x6f, 0x6c, 0x69, 0x64, 0x20, 0x23, 0x65, 0x61, 0x66, 0x31, 
0x66, 0x66, 0x3b, 0x62, 0x6f, 0x72, 0x64, 0x65, 0x72, 0x2d, 0x74, 0x6f, 0x70, 0x3a, 0x37, 0x70, 0x78, 
0x20, 0x73, 0x6f, 0x6c, 0x69, 0x64, 0x20, 0x23, 0x32, 0x34, 0x35, 0x30, 0x61, 0x64, 0x3b, 0x62, 0x6f, 
0x72, 0x64, 0x65, 0x72, 0x2d, 0x72, 0x61, 0x64, 0x69, 0x75, 0x73, 0x3a, 0x31, 0x30, 0x30, 0x25, 0x7d, 
0x40, 0x2d, 0x77, 0x65, 0x62, 0x6b, 0x69, 0x74, 0x2d, 0x6b, 0x65, 0x79, 0x66, 0x72, 0x61, 0x6d, 0x65, 
0x73, 0x20, 0x72, 0x7b, 0x66, 0x72, 0x6f, 0x6d, 0x7b, 0x2d, 0x77, 0x65, 0x62, 0x6b, 0x69, 0x74, 0x2d, 
0x74, 0x72, 0x61, 0x6e, 0x73, 0x66, 0x6f, 0x72, 0x6d, 0x3a, 0x72, 0x6f, 0x74, 0x61, 0x74, 0x65, 0x28, 
0x30, 0x29, 0x7d, 0x74, 0x6f, 0x7b, 0x2d, 0x77, 0x65, 0x62, 0x6b, 0x69, 0x74, 0x2d, 0x74, 0x72, 0x61, 
0x6e, 0x73, 0x66, 0x6f, 0x72, 0x6d, 0x3a, 0x72, 0x6f, 0x74, 0x61, 0x74, 0x65, 0x28, 0x33, 0x35, 0x39, 
0x64, 0x65, 0x67, 0x29, 0x7d, 0x7d, 0x40, 0x2d, 0x6d, 0x6f, 0x7a, 0x2d, 0x6b, 0x65, 0x79, 0x66, 0x72, 
0x61, 0x6d, 0x65, 0x73, 0x20, 0x72, 0x7b, 0x66, 0x72, 0x6f, 0x6d, 0x7b, 0x2d, 0x6d, 0x6f, 0x7a, 0x2d, 
0x74, 0x72, 0x61, 0x6e, 0x73, 0x66, 0x6f, 0x72, 0x6d, 0x3a, 0x72, 0x6f, 0x74, 0x61, 0x74, 0x65, 0x28, 
0x30, 0x29, 0x7d, 0x74, 0x6f, 0x7b, 0x2d, 0x6d, 0x6f, 0x7a, 0x2d, 0x74, 0x72, 0x61, 0x6e, 0x73, 0x66, 
0x6f, 0x72, 0x6d, 0x3a, 0x72, 0x6f, 0x74, 0x61, 0x74, 0x65, 0x28, 0x33, 0x35, 0x39, 0x64, 0x65, 0x67, 
0x29, 0x7d, 0x7d, 0x40, 0x2d, 0x6f, 0x2d, 0x6b, 0x65, 0x79, 0x66, 0x72, 0x61, 0x6d, 0x65, 0x73, 0x20, 
0x72, 0x7b, 0x66, 0x72, 0x6f, 0x6d, 0x7b, 0x2d, 0x6f, 0x2d, 0x74, 0x72, 0x61, 0x6e, 0x73, 0x66, 0x6f, 
0x72, 0x6d, 0x3a, 0x72, 0x6f, 0x74, 0x61, 0x74, 0x65, 0x28, 0x30, 0x29, 0x7d, 0x74, 0x6f, 0x7b, 0x2d, 
0x6f, 0x2d, 0x74, 0x72, 0x61, 0x6e, 0x73, 0x66, 0x6f, 0x72, 0x6d, 0x3a, 0x72, 0x6f, 0x74, 0x61, 0x74, 
0x65, 0x28, 0x33, 0x35, 0x39, 0x64, 0x65, 0x67, 0x29, 0x7d, 0x7d, 0x40, 0x6b, 0x65, 0x79, 0x66, 0x72, 
0x61, 0x6d, 0x65, 0x73, 0x20, 0x72, 0x7b, 0x66, 0x72, 0x6f, 0x6d, 0x7b, 0x74, 0x72, 0x61, 0x6e, 0x73, 
0x66, 0x6f, 0x72, 0x6d, 0x3a, 0x72, 0x6f, 0x74, 0x61, 0x74, 0x65, 0x28, 0x30, 0x29, 0x7d, 0x74, 0x6f, 
0x7b, 0x74, 0x72, 0x61, 0x6e, 0x73, 0x66, 0x6f, 0x72, 0x6d, 0x3a, 0x72, 0x6f, 0x74, 0x61, 0x74, 0x65, 
0x28, 0x33, 0x35, 0x39, 0x64, 0x65, 0x67, 0x29, 0x7d, 0x7d, 0x70, 0x7b, 0x6d, 0x61, 0x72, 0x67, 0x69, 
0x6e, 0x2d, 0x62, 0x6f, 0x74, 0x74, 0x6f, 0x6d, 0x3a, 0x32, 0x30, 0x70, 0x78, 0x7d, 0x2e, 0x66, 0x6f, 
0x6f, 0x74, 0x65, 0x72, 0x7b, 0x62, 0x6f, 0x72, 0x64, 0x65, 0x72, 0x2d, 0x74, 0x6f, 0x70, 0x3a, 0x31, 
0x70, 0x78, 0x20, 0x73, 0x6f, 0x6c, 0x69, 0x64, 0x20, 0x23, 0x44, 0x44, 0x44, 0x3b, 0x70, 0x61, 0x64, 
0x64, 0x69, 0x6e, 0x67, 0x3a, 0x31, 0x30, 0x2e, 0x38, 0x70, 0x78, 0x20, 0x31, 0x32, 0x70, 0x78, 0x3b, 
0x66, 0x6f, 0x6e, 0x74, 0x2d, 0x73, 0x69, 0x7a, 0x65, 0x3a, 0x31, 0x32, 0x70, 0x78, 0x3b, 0x63, 0x6f, 
0x6c, 0x6f, 0x72, 0x3a, 0x23, 0x38, 0x31, 0x38, 0x31, 0x39, 0x38, 0x7d, 0x2e, 0x66, 0x6f, 0x6f, 0x74, 
0x65, 0x72, 0x20, 0x61, 0x7b, 0x63, 0x6f, 0x6c, 0x6f, 0x72, 0x3a, 0x23, 0x38, 0x31, 0x38, 0x31, 0x39, 
0x38, 0x3b, 0x66, 0x6c, 0x6f, 0x61, 0x74, 0x3a, 0x72, 0x69, 0x67, 0x68, 0x74, 0x7d, 0x2e, 0x68, 0x65, 
0x61, 0x64, 0x69, 0x6e, 0x67, 0x7b, 0x74, 0x65, 0x78, 0x74, 0x2d, 0x61, 0x6c, 0x69, 0x67, 0x6e, 0x3a, 
0x6c, 0x65, 0x66, 0x74, 0x7d, 0 };

static const char data_success_html[] = {
/* Page/File content */
0x3c, 0x68, 0x31, 0x20, 0x63, 0x6c, 0x61, 0x73, 0x73, 0x3d, 0x22, 0x68, 0x65, 0x61, 0x64, 0x69, 0x6e, 
0x67, 0x22, 0x20, 0x73, 0x74, 0x79, 0x6c, 0x65, 0x3d, 0x22, 0x63, 0x6f, 0x6c, 0x6f, 0x72, 0x3a, 0x67, 
0x72, 0x65, 0x65, 0x6e, 0x3b, 0x22, 0x3e, 0x52, 0x45, 0x42, 0x4f, 0x4f, 0x54, 0x49, 0x4e, 0x47, 0x20, 
0x49, 0x4e, 0x20, 0x50, 0x52, 0x4f, 0x47, 0x52, 0x45, 0x53, 0x53, 0x3c, 0x2f, 0x68, 0x31, 0x3e, 0 };

static const char data_uboot_html[] = {
/* Page/File content */
0x3c, 0x21, 0x44, 0x4f, 0x43, 0x54, 0x59, 0x50, 0x45, 0x20, 0x48, 0x54, 0x4d, 0x4c, 0x3e, 0x3c, 0x68, 
0x74, 0x6d, 0x6c, 0x3e, 0x3c, 0x68, 0x65, 0x61, 0x64, 0x3e, 0x3c, 0x6d, 0x65, 0x74, 0x61, 0x20, 0x63, 
0x68, 0x61, 0x72, 0x73, 0x65, 0x74, 0x3d, 0x22, 0x75, 0x74, 0x66, 0x2d, 0x38, 0x22, 0x3e, 0x3c, 0x74, 
0x69, 0x74, 0x6c, 0x65, 0x3e, 0x55, 0x2d, 0x42, 0x6f, 0x6f, 0x74, 0x20, 0x75, 0x70, 0x64, 0x61, 0x74, 
0x65, 0x3c, 0x2f, 0x74, 0x69, 0x74, 0x6c, 0x65, 0x3e, 0x3c, 0x6c, 0x69, 0x6e, 0x6b, 0x20, 0x72, 0x65, 
0x6c, 0x3d, 0x22, 0x73, 0x74, 0x79, 0x6c, 0x65, 0x73, 0x68, 0x65, 0x65, 0x74, 0x22, 0x20, 0x68, 0x72, 
0x65, 0x66, 0x3d, 0x22, 0x73, 0x74, 0x79, 0x6c, 0x65, 0x2e, 0x63, 0x73, 0x73, 0x22, 0x3e, 0x3c, 0x2f, 
0x68, 0x65, 0x61, 0x64, 0x3e, 0x3c, 0x62, 0x6f, 0x64, 0x79, 0x3e, 0x3c, 0x68, 0x65, 0x61, 0x64, 0x65, 
0x72, 0x3e, 0x3c, 0x64, 0x69, 0x76, 0x20, 0x63, 0x6c, 0x61, 0x73, 0x73, 0x3d, 0x22, 0x66, 0x69, 0x6c, 
0x6c, 0x22, 0x3e, 0x3c, 0x64, 0x69, 0x76, 0x20, 0x63, 0x6c, 0x61, 0x73, 0x73, 0x3d, 0x22, 0x63, 0x6f, 
0x6e, 0x74, 0x61, 0x69, 0x6e, 0x65, 0x72, 0x22, 0x3e, 0x3c, 0x6f, 0x62, 0x6a, 0x65, 0x63, 0x74, 0x20, 
0x63, 0x6c, 0x61, 0x73, 0x73, 0x3d, 0x22, 0x6c, 0x6f, 0x67, 0x6f, 0x22, 0x20, 0x64, 0x61, 0x74, 0x61, 
0x3d, 0x22, 0x6c, 0x6f, 0x67, 0x6f, 0x2e, 0x73, 0x76, 0x67, 0x22, 0x20, 0x74, 0x79, 0x70, 0x65, 0x3d, 
0x22, 0x69, 0x6d, 0x61, 0x67, 0x65, 0x2f, 0x73, 0x76, 0x67, 0x2b, 0x78, 0x6d, 0x6c, 0x22, 0x3e, 0x3c, 
0x2f, 0x6f, 0x62, 0x6a, 0x65, 0x63, 0x74, 0x3e, 0x3c, 0x2f, 0x64, 0x69, 0x76, 0x3e, 0x3c, 0x2f, 0x64, 
0x69, 0x76, 0x3e, 0x3c, 0x2f, 0x68, 0x65, 0x61, 0x64, 0x65, 0x72, 0x3e, 0x3c, 0x64, 0x69, 0x76, 0x20, 
0x69, 0x64, 0x3d, 0x22, 0x6d, 0x61, 0x69, 0x6e, 0x63, 0x6f, 0x6e, 0x74, 0x65, 0x6e, 0x74, 0x22, 0x20, 
0x63, 0x6c, 0x61, 0x73, 0x73, 0x3d, 0x22, 0x63, 0x6f, 0x6e, 0x74, 0x61, 0x69, 0x6e, 0x65, 0x72, 0x22, 
0x3e, 0x3c, 0x68, 0x31, 0x20, 0x63, 0x6c, 0x61, 0x73, 0x73, 0x3d, 0x22, 0x68, 0x65, 0x61, 0x64, 0x69, 
0x6e, 0x67, 0x22, 0x3e, 0x55, 0x2d, 0x42, 0x4f, 0x4f, 0x54, 0x20, 0x55, 0x50, 0x44, 0x41, 0x54, 0x45, 
0x3c, 0x2f, 0x68, 0x31, 0x3e, 0x3c, 0x70, 0x3e, 0x59, 0x6f, 0x75, 0x20, 0x61, 0x72, 0x65, 0x20, 0x67, 
0x6f, 0x69, 0x6e, 0x67, 0x20, 0x74, 0x6f, 0x20, 0x75, 0x70, 0x64, 0x61, 0x74, 0x65, 0x20, 0x3c, 0x73, 
0x74, 0x72, 0x6f, 0x6e, 0x67, 0x3e, 0x55, 0x2d, 0x42, 0x6f, 0x6f, 0x74, 0x20, 0x62, 0x6f, 0x6f, 0x74, 
0x6c, 0x6f, 0x61, 0x64, 0x65, 0x72, 0x3c, 0x2f, 0x73, 0x74, 0x72, 0x6f, 0x6e, 0x67, 0x3e, 0x20, 0x6f, 
0x6e, 0x20, 0x74, 0x68, 0x65, 0x20, 0x64, 0x65, 0x76, 0x69, 0x63, 0x65, 0x2e, 0x3c, 0x62, 0x72, 0x3e, 
0x50, 0x6c, 0x65, 0x61, 0x73, 0x65, 0x2c, 0x20, 0x63, 0x68, 0x6f, 0x6f, 0x73, 0x65, 0x20, 0x66, 0x69, 
0x6c, 0x65, 0x20, 0x66, 0x72, 0x6f, 0x6d, 0x20, 0x79, 0x6f, 0x75, 0x72, 0x20, 0x6c, 0x6f, 0x63, 0x61, 
0x6c, 0x20, 0x68, 0x61, 0x72, 0x64, 0x20, 0x64, 0x72, 0x69, 0x76, 0x65, 0x20, 0x61, 0x6e, 0x64, 0x20, 
0x63, 0x6c, 0x69, 0x63, 0x6b, 0x20, 0x3c, 0x73, 0x74, 0x72, 0x6f, 0x6e, 0x67, 0x3e, 0x55, 0x70, 0x64, 
0x61, 0x74, 0x65, 0x20, 0x55, 0x2d, 0x42, 0x6f, 0x6f, 0x74, 0x3c, 0x2f, 0x73, 0x74, 0x72, 0x6f, 0x6e, 
0x67, 0x3e, 0x20, 0x62, 0x75, 0x74, 0x74, 0x6f, 0x6e, 0x2e, 0x3c, 0x2f, 0x70, 0x3e, 0x3c, 0x66, 0x6f, 
0x72, 0x6d, 0x20, 0x6d, 0x65, 0x74, 0x68, 0x6f, 0x64, 0x3d, 0x22, 0x70, 0x6f, 0x73, 0x74, 0x22, 0x20, 
0x61, 0x63, 0x74, 0x69, 0x6f, 0x6e, 0x3d, 0x22, 0x2f, 0x66, 0x6c, 0x61, 0x73, 0x68, 0x69, 0x6e, 0x67, 
0x22, 0x20, 0x65, 0x6e, 0x63, 0x74, 0x79, 0x70, 0x65, 0x3d, 0x22, 0x6d, 0x75, 0x6c, 0x74, 0x69, 0x70, 
0x61, 0x72, 0x74, 0x2f, 0x66, 0x6f, 0x72, 0x6d, 0x2d, 0x64, 0x61, 0x74, 0x61, 0x22, 0x3e, 0x3c, 0x69, 
0x6e, 0x70, 0x75, 0x74, 0x20, 0x74, 0x79, 0x70, 0x65, 0x3d, 0x22, 0x66, 0x69, 0x6c, 0x65, 0x22, 0x20, 
0x6e, 0x61, 0x6d, 0x65, 0x3d, 0x22, 0x75, 0x62, 0x6f, 0x6f, 0x74, 0x22, 0x3e, 0x3c, 0x69, 0x6e, 0x70, 
0x75, 0x74, 0x20, 0x63, 0x6c, 0x61, 0x73, 0x73, 0x3d, 0x22, 0x63, 0x62, 0x69, 0x2d, 0x62, 0x75, 0x74, 
0x74, 0x6f, 0x6e, 0x22, 0x74, 0x79, 0x70, 0x65, 0x3d, 0x22, 0x73, 0x75, 0x62, 0x6d, 0x69, 0x74, 0x22, 
0x20, 0x76, 0x61, 0x6c, 0x75, 0x65, 0x3d, 0x22, 0x55, 0x70, 0x64, 0x61, 0x74, 0x65, 0x20, 0x55, 0x2d, 
0x42, 0x6f, 0x6f, 0x74, 0x22, 0x3e, 0x3c, 0x2f, 0x66, 0x6f, 0x72, 0x6d, 0x3e, 0x3c, 0x64, 0x69, 0x76, 
0x20, 0x63, 0x6c, 0x61, 0x73, 0x73, 0x3d, 0x22, 0x61, 0x6c, 0x65, 0x72, 0x74, 0x2d, 0x6d, 0x65, 0x73, 
0x73, 0x61, 0x67, 0x65, 0x20, 0x77, 0x61, 0x72, 0x6e, 0x69, 0x6e, 0x67, 0x22, 0x3e, 0x3c, 0x73, 0x74, 
0x72, 0x6f, 0x6e, 0x67, 0x3e, 0x57, 0x41, 0x52, 0x4e, 0x49, 0x4e, 0x47, 0x53, 0x3c, 0x2f, 0x73, 0x74, 
0x72, 0x6f, 0x6e, 0x67, 0x3e, 0x3c, 0x75, 0x6c, 0x3e, 0x3c, 0x6c, 0x69, 0x3e, 0x64, 0x6f, 0x20, 0x6e, 
0x6f, 0x74, 0x20, 0x70, 0x6f, 0x77, 0x65, 0x72, 0x20, 0x6f, 0x66, 0x66, 0x20, 0x74, 0x68, 0x65, 0x20, 
0x64, 0x65, 0x76, 0x69, 0x63, 0x65, 0x20, 0x64, 0x75, 0x72, 0x69, 0x6e, 0x67, 0x20, 0x75, 0x70, 0x64, 
0x61, 0x74, 0x65, 0x3c, 0x2f, 0x6c, 0x69, 0x3e, 0x3c, 0x6c, 0x69, 0x3e, 0x69, 0x66, 0x20, 0x65, 0x76, 
0x65, 0x72, 0x79, 0x74, 0x68, 0x69, 0x6e, 0x67, 0x20, 0x67, 0x6f, 0x65, 0x73, 0x20, 0x77, 0x65, 0x6c, 
0x6c, 0x2c, 0x20, 0x74, 0x68, 0x65, 0x20, 0x64, 0x65, 0x76, 0x69, 0x63, 0x65, 0x20, 0x77, 0x69, 0x6c, 
0x6c, 0x20, 0x72, 0x65, 0x73, 0x74, 0x61, 0x72, 0x74, 0x3c, 0x2f, 0x6c, 0x69, 0x3e, 0x3c, 0x6c, 0x69, 
0x3e, 0x79, 0x6f, 0x75, 0x20, 0x63, 0x61, 0x6e, 0x20, 0x75, 0x70, 0x6c, 0x6f, 0x61, 0x64, 0x20, 0x77, 
0x68, 0x61, 0x74, 0x65, 0x76, 0x65, 0x72, 0x20, 0x79, 0x6f, 0x75, 0x20, 0x77, 0x61, 0x6e, 0x74, 0x2c, 
0x20, 0x73, 0x6f, 0x20, 0x62, 0x65, 0x20, 0x73, 0x75, 0x72, 0x65, 0x20, 0x74, 0x68, 0x61, 0x74, 0x20, 
0x79, 0x6f, 0x75, 0x20, 0x63, 0x68, 0x6f, 0x6f, 0x73, 0x65, 0x20, 0x70, 0x72, 0x6f, 0x70, 0x65, 0x72, 
0x20, 0x66, 0x69, 0x72, 0x6d, 0x77, 0x61, 0x72, 0x65, 0x20, 0x69, 0x6d, 0x61, 0x67, 0x65, 0x20, 0x66, 
0x6f, 0x72, 0x20, 0x79, 0x6f, 0x75, 0x72, 0x20, 0x64, 0x65, 0x76, 0x69, 0x63, 0x65, 0x3c, 0x2f, 0x6c, 
0x69, 0x3e, 0x3c, 0x2f, 0x75, 0x6c, 0x3e, 0x3c, 0x2f, 0x64, 0x69, 0x76, 0x3e, 0x3c, 0x64, 0x69, 0x76, 
0x20, 0x63, 0x6c, 0x61, 0x73, 0x73, 0x3d, 0x22, 0x66, 0x6f, 0x6f, 0x74, 0x65, 0x72, 0x22, 0x3e, 0x54, 
0x65, 0x6c, 0x74, 0x6f, 0x6e, 0x69, 0x6b, 0x61, 0x20, 0x73, 0x6f, 0x6c, 0x75, 0x74, 0x69, 0x6f, 0x6e, 
0x73, 0x3c, 0x61, 0x20, 0x68, 0x72, 0x65, 0x66, 0x3d, 0x22, 0x68, 0x74, 0x74, 0x70, 0x73, 0x3a, 0x2f, 
0x2f, 0x77, 0x77, 0x77, 0x2e, 0x74, 0x65, 0x6c, 0x74, 0x6f, 0x6e, 0x69, 0x6b, 0x61, 0x2d, 0x6e, 0x65, 
0x74, 0x77, 0x6f, 0x72, 0x6b, 0x73, 0x2e, 0x63, 0x6f, 0x6d, 0x2f, 0x22, 0x3e, 0x77, 0x77, 0x77, 0x2e, 
0x74, 0x65, 0x6c, 0x74, 0x6f, 0x6e, 0x69, 0x6b, 0x61, 0x2d, 0x6e, 0x65, 0x74, 0x77, 0x6f, 0x72, 0x6b, 
0x73, 0x2e, 0x63, 0x6f, 0x6d, 0x3c, 0x2f, 0x61, 0x3e, 0x3c, 0x2f, 0x64, 0x69, 0x76, 0x3e, 0x3c, 0x2f, 
0x64, 0x69, 0x76, 0x3e, 0x3c, 0x2f, 0x62, 0x6f, 0x64, 0x79, 0x3e, 0x3c, 0x2f, 0x68, 0x74, 0x6d, 0x6c, 
0x3e, 0 };

#include <stddef.h>
#include "fsdata.h"
const struct fsdata_file file_404_html[] = {{
	NULL,
	"/404.html",
	data_404_html,
	(int)sizeof(data_404_html) - 1
}};

const struct fsdata_file file_fail_html[] = {{
	file_404_html,
	"/fail.html",
	data_fail_html,
	(int)sizeof(data_fail_html) - 1
}};

const struct fsdata_file file_flash_fail_html[] = {{
	file_fail_html,
	"/flash_fail.html",
	data_flash_fail_html,
	(int)sizeof(data_flash_fail_html) - 1
}};

const struct fsdata_file file_flashing_html[] = {{
	file_flash_fail_html,
	"/flashing.html",
	data_flashing_html,
	(int)sizeof(data_flashing_html) - 1
}};

const struct fsdata_file file_index_html[] = {{
	file_flashing_html,
	"/index.html",
	data_index_html,
	(int)sizeof(data_index_html) - 1
}};

const struct fsdata_file file_logo_svg[] = {{
	file_index_html,
	"/logo.svg",
	data_logo_svg,
	(int)sizeof(data_logo_svg) - 1
}};

const struct fsdata_file file_style_css[] = {{
	file_logo_svg,
	"/style.css",
	data_style_css,
	(int)sizeof(data_style_css) - 1
}};

const struct fsdata_file file_success_html[] = {{
	file_style_css,
	"/success.html",
	data_success_html,
	(int)sizeof(data_success_html) - 1
}};

const struct fsdata_file file_uboot_html[] = {{
	file_success_html,
	"/uboot.html",
	data_uboot_html,
	(int)sizeof(data_uboot_html) - 1
}};

#define FS_ROOT		file_uboot_html
#define FS_NUMFILES	9
